Format,ABLayout,CTAGroup,M,N,K,PipelineDepth,Cycles,CyclesPerMMA,FLOPsPerCycle
BF16,TS,1,64,64,16,1,151549,151.549,864.8819853644695
BF16,TS,1,64,64,16,2,179549,89.7745,1460.0137009952714
BF16,TS,1,64,64,16,3,211424,70.4747,1859.8447386083233
BF16,TS,1,64,64,16,4,243674,60.9185,2151.595984799363
BF16,TS,1,64,64,16,5,276673,55.3346,2368.7168606983696
BF16,TS,1,64,64,16,6,308673,51.4455,2547.7835767948604
BF16,TS,1,64,64,16,7,341548,48.7926,2686.3089894779127
BF16,TS,1,64,64,16,8,373548,46.6935,2807.0716480880637
BF16,TS,1,64,64,16,9,405299,45.0332,2910.5637618468154
BF16,TS,1,64,64,16,10,437299,43.7299,2997.30847772348
BF16,TS,1,64,80,16,1,158548,158.548,1033.377904483185
BF16,TS,1,64,80,16,2,195423,97.7115,1676.7729489364096
BF16,TS,1,64,80,16,3,235423,78.4743,2087.817285404266
BF16,TS,1,64,80,16,4,275798,68.9495,2376.231879854096
BF16,TS,1,64,80,16,5,316673,63.3346,2586.8956305084425
BF16,TS,1,64,80,16,6,356673,59.4455,2756.137975120068
BF16,TS,1,64,80,16,7,397548,56.7926,2884.882889672246
BF16,TS,1,64,80,16,8,437423,54.6779,2996.457435270923
BF16,TS,1,64,80,16,9,477298,53.0331,3089.391342388056
BF16,TS,1,64,80,16,10,517298,51.7298,3167.226627591833
BF16,TS,1,64,96,16,1,165548,165.548,1187.6193007466113
BF16,TS,1,64,96,16,2,211423,105.7115,1859.8544150825596
BF16,TS,1,64,96,16,3,259423,86.4743,2273.6003645013607
BF16,TS,1,64,96,16,4,307798,76.9495,2555.0263484493075
BF16,TS,1,64,96,16,5,356673,71.3346,2756.137975120068
BF16,TS,1,64,96,16,6,404673,67.4455,2915.0647559881686
BF16,TS,1,64,96,16,7,453548,64.7926,3034.4205974139027
BF16,TS,1,64,96,16,8,501423,62.6779,3136.79941414757
BF16,TS,1,64,96,16,9,549298,61.0331,3221.3339974538408
BF16,TS,1,64,96,16,10,597298,59.7298,3291.6232768232944
BF16,TS,1,64,112,16,1,172673,172.673,1328.3837079334928
BF16,TS,1,64,112,16,2,227423,113.7115,2017.175043860999
BF16,TS,1,64,112,16,3,283423,94.4743,2427.919550607943
BF16,TS,1,64,112,16,4,339798,84.9495,2700.1453804907624
BF16,TS,1,64,112,16,5,396673,79.3346,2891.2479548645865
BF16,TS,1,64,112,16,6,452673,75.4455,3040.2873597497533
BF16,TS,1,64,112,16,7,509548,72.7926,3151.0895338262408
BF16,TS,1,64,112,16,8,565423,70.6779,3245.3709009464064
BF16,TS,1,64,112,16,9,621298,69.0331,3322.6959241291493
BF16,TS,1,64,112,16,10,677298,67.7298,3386.633357842486
BF16,TS,1,64,128,16,1,179548,179.548,1460.021832601867
BF16,TS,1,64,128,16,2,243423,121.7115,2153.8145532673575
BF16,TS,1,64,128,16,3,307423,102.4743,2558.143846798661
BF16,TS,1,64,128,16,4,371798,92.9495,2820.284132781779
BF16,TS,1,64,128,16,5,436673,87.3346,3001.60532022818
BF16,TS,1,64,128,16,6,500673,83.4455,3141.4995416169836
BF16,TS,1,64,128,16,7,565548,80.7926,3244.653594512369
BF16,TS,1,64,128,16,8,629423,78.6779,3331.863204279728
BF16,TS,1,64,128,16,9,693298,77.0331,3403.004682402759
BF16,TS,1,64,128,16,10,757298,75.7298,3461.5699500064707
BF16,TS,1,64,256,16,1,243423,243.423,2153.8145532673575
BF16,TS,1,64,256,16,2,371423,185.7115,2823.1315777428968
BF16,TS,1,64,256,16,3,499423,166.4743,3149.3629947685617
BF16,TS,1,64,256,16,4,627798,156.9495,3340.4885010783723
BF16,TS,1,64,256,16,5,756673,151.3346,3464.4291523551124
BF16,TS,1,64,256,16,6,884673,147.4455,3555.808756455775
BF16,TS,1,64,256,16,7,1013548,144.7926,3620.958529648615
BF16,TS,1,64,256,16,8,1141423,142.6779,3674.6265539372253
BF16,TS,1,64,256,16,9,1269298,141.0331,3717.481924456032
BF16,TS,1,64,256,16,10,1397298,139.7298,3752.1559466914
BF16,TS,1,128,64,16,1,151545,151.545,1729.809627503382
BF16,TS,1,128,64,16,2,179545,89.7725,2920.0924559302684
BF16,TS,1,128,64,16,3,211420,70.4733,3719.76337137611
BF16,TS,1,128,64,16,4,243796,60.949,4301.038573233359
BF16,TS,1,128,64,16,5,276545,55.309,4739.626462239419
BF16,TS,1,128,64,16,6,308669,51.4448,5095.636488041551
BF16,TS,1,128,64,16,7,341544,48.792,5372.68404656501
BF16,TS,1,128,64,16,8,373544,46.693,5614.203413787935
BF16,TS,1,128,64,16,9,405295,45.0328,5821.179229361709
BF16,TS,1,128,64,16,10,437295,43.7295,5994.671789066877
BF16,TS,1,128,80,16,1,158545,158.545,2066.7949162698287
BF16,TS,1,128,80,16,2,195420,97.71,3353.597380002047
BF16,TS,1,128,80,16,3,235420,78.4733,4175.687781704096
BF16,TS,1,128,80,16,4,275796,68.949,4752.498223324486
BF16,TS,1,128,80,16,5,316545,63.309,5175.883365714196
BF16,TS,1,128,80,16,6,356669,59.4448,5512.340860764945
BF16,TS,1,128,80,16,7,397544,56.792,5769.826736160022
BF16,TS,1,128,80,16,8,437544,54.693,5991.260307534785
BF16,TS,1,128,80,16,9,477295,53.0328,6178.817637386674
BF16,TS,1,128,80,16,10,517295,51.7295,6334.489991204245
BF16,TS,1,128,96,16,1,165545,165.545,2375.2816454740405
BF16,TS,1,128,96,16,2,211420,105.71,3719.7616119572417
BF16,TS,1,128,96,16,3,259420,86.4733,4547.253314028723
BF16,TS,1,128,96,16,4,307796,76.949,5110.085901051346
BF16,TS,1,128,96,16,5,356545,71.309,5514.254862640059
BF16,TS,1,128,96,16,6,404669,67.4448,5830.190022062487
BF16,TS,1,128,96,16,7,453544,64.792,6068.897394740091
BF16,TS,1,128,96,16,8,501544,62.693,6272.087792895539
BF16,TS,1,128,96,16,9,549295,61.0328,6442.699663131955
BF16,TS,1,128,96,16,10,597295,59.7295,6583.279618948761
BF16,TS,1,128,112,16,1,172670,172.67,2656.813575027509
BF16,TS,1,128,112,16,2,227420,113.71,4034.4033066572865
BF16,TS,1,128,112,16,3,283420,94.4733,4855.890500278915
BF16,TS,1,128,112,16,4,339796,84.949,5400.322546469058
BF16,TS,1,128,112,16,5,396545,79.309,5784.3624304933865
BF16,TS,1,128,112,16,6,452669,75.4448,6080.631136937204
BF16,TS,1,128,112,16,7,509544,72.792,6302.231014397186
BF16,TS,1,128,112,16,8,565544,70.693,6489.355381720963
BF16,TS,1,128,112,16,9,621295,69.0328,6645.420727538214
BF16,TS,1,128,112,16,10,677295,67.7295,6773.296717087827
BF16,TS,1,128,128,16,1,179795,179.795,2916.0321477237967
BF16,TS,1,128,128,16,2,243670,121.835,4303.262609266631
BF16,TS,1,128,128,16,3,307670,102.5567,5112.176971372908
BF16,TS,1,128,128,16,4,372045,93.0113,5636.820472351209
BF16,TS,1,128,128,16,5,436920,87.384,5999.8169001190145
BF16,TS,1,128,128,16,6,500921,83.4868,6279.890952821284
BF16,TS,1,128,128,16,7,565795,80.8279,6486.473111388518
BF16,TS,1,128,128,16,8,629795,78.7244,6659.790357246292
BF16,TS,1,128,128,16,9,693545,77.0606,6803.580558677198
BF16,TS,1,128,128,16,10,757545,75.7545,6920.882587833066
BF16,TS,1,128,256,16,1,243420,243.42,4307.6821953824665
BF16,TS,1,128,256,16,2,371420,185.71,5646.308760971407
BF16,TS,1,128,256,16,3,499420,166.4733,6298.763825790683
BF16,TS,1,128,256,16,4,627796,156.949,6680.998286067448
BF16,TS,1,128,256,16,5,756545,151.309,6930.030599633862
BF16,TS,1,128,256,16,6,884669,147.4448,7111.65127559602
BF16,TS,1,128,256,16,7,1013544,144.792,7241.947068898834
BF16,TS,1,128,256,16,8,1141544,142.693,7348.475398232568
BF16,TS,1,128,256,16,9,1269295,141.0328,7434.97966430504
BF16,TS,1,128,256,16,10,1397295,139.7295,7504.32800518144
BF16,TS,2,128,64,16,1,174534,174.534,1501.9652331350912
BF16,TS,2,128,64,16,2,188534,94.267,2780.867111502435
BF16,TS,2,128,64,16,3,209659,69.8863,3751.006992786855
BF16,TS,2,128,64,16,4,225909,56.4772,4641.589880518156
BF16,TS,2,128,64,16,5,246784,49.3568,5311.203319502075
BF16,TS,2,128,64,16,6,262784,43.7973,5985.39179355805
BF16,TS,2,128,64,16,7,283659,40.5227,6469.06548675187
BF16,TS,2,128,64,16,8,299659,37.4574,6998.456913720654
BF16,TS,2,128,64,16,9,319534,35.5038,7383.5476765867315
BF16,TS,2,128,64,16,10,335534,33.5534,7812.7402886145655
BF16,TS,2,128,80,16,1,177786,177.786,1843.1147559425376
BF16,TS,2,128,80,16,2,197411,98.7055,3319.7744806520404
BF16,TS,2,128,80,16,3,217411,72.4703,4521.576425101041
BF16,TS,2,128,80,16,4,237661,59.4153,5515.077766164607
BF16,TS,2,128,80,16,5,258536,51.7072,6337.221895596745
BF16,TS,2,128,80,16,6,278536,46.4227,7058.615720326478
BF16,TS,2,128,80,16,7,299411,42.773,7660.907581885768
BF16,TS,2,128,80,16,8,319411,39.9264,8207.10106596137
BF16,TS,2,128,80,16,9,339286,37.6984,8692.146085775525
BF16,TS,2,128,80,16,10,359286,35.9286,9120.310838719015
BF16,TS,2,128,96,16,1,181411,181.411,2167.542210781044
BF16,TS,2,128,96,16,2,205411,102.7055,3828.577826893399
BF16,TS,2,128,96,16,3,229411,76.4703,5142.074766281812
BF16,TS,2,128,96,16,4,253661,63.4153,6200.648739342083
BF16,TS,2,128,96,16,5,278536,55.7072,7058.620788695178
BF16,TS,2,128,96,16,6,302536,50.4227,7798.392390728779
BF16,TS,2,128,96,16,7,327411,46.773,8406.901417484445
BF16,TS,2,128,96,16,8,351411,43.9264,8951.701027172725
BF16,TS,2,128,96,16,9,375286,41.6984,9430.002110392725
BF16,TS,2,128,96,16,10,399286,39.9286,9847.978641875747
BF16,TS,2,128,112,16,1,185411,185.411,2474.2437072234115
BF16,TS,2,128,112,16,2,213411,106.7055,4299.234809827048
BF16,TS,2,128,112,16,3,241411,80.4703,5700.8859169159305
BF16,TS,2,128,112,16,4,269661,67.4153,6804.864771053455
BF16,TS,2,128,112,16,5,298536,59.7072,7683.361470643406
BF16,TS,2,128,112,16,6,326536,54.4227,8429.423751486052
BF16,TS,2,128,112,16,7,355411,50.773,9035.353435881276
BF16,TS,2,128,112,16,8,383411,47.9264,9572.010415971155
BF16,TS,2,128,112,16,9,411286,45.6984,10038.68844423437
BF16,TS,2,128,112,16,10,439286,43.9286,10443.12816707111
BF16,TS,2,128,128,16,1,188286,188.286,2784.5299172535397
BF16,TS,2,128,128,16,2,221411,110.7055,4735.880331148859
BF16,TS,2,128,128,16,3,253411,84.4703,6206.773268237475
BF16,TS,2,128,128,16,4,285661,71.4153,7341.396031382631
BF16,TS,2,128,128,16,5,318536,63.7072,8229.650651731672
BF16,TS,2,128,128,16,6,350536,58.4227,8974.04604717002
BF16,TS,2,128,128,16,7,383411,54.773,9572.015409051904
BF16,TS,2,128,128,16,8,415411,51.9264,10096.752326369631
BF16,TS,2,128,128,16,9,447286,49.6984,10549.393944271847
BF16,TS,2,128,128,16,10,479286,47.9286,10938.938337443613
BF16,TS,2,128,256,16,1,221411,221.411,4735.880331148859
BF16,TS,2,128,256,16,2,285411,142.7055,7347.831723374362
BF16,TS,2,128,256,16,3,349411,116.4703,9002.947532546925
BF16,TS,2,128,256,16,4,413661,103.4153,10139.466790697314
BF16,TS,2,128,256,16,5,478536,95.7072,10956.082718959493
BF16,TS,2,128,256,16,6,542536,90.4227,11596.380112515993
BF16,TS,2,128,256,16,7,607411,86.773,12084.127551196802
BF16,TS,2,128,256,16,8,671411,83.9264,12493.994738246845
BF16,TS,2,128,256,16,9,735286,81.6984,12834.718917383938
BF16,TS,2,128,256,16,10,799286,79.9286,13118.90862594866
BF16,TS,2,256,64,16,1,181411,181.411,2890.056281041392
BF16,TS,2,256,64,16,2,213411,106.7055,4913.411211230911
BF16,TS,2,256,64,16,3,245411,81.8037,6409.098854941769
BF16,TS,2,256,64,16,4,277661,69.4153,7552.917008210005
BF16,TS,2,256,64,16,5,310536,62.1072,8441.662158332689
BF16,TS,2,256,64,16,6,342536,57.0893,9183.647373500813
BF16,TS,2,256,64,16,7,375411,53.6301,9776.002655225331
BF16,TS,2,256,64,16,8,407411,50.9264,10295.013980960759
BF16,TS,2,256,64,16,9,439286,48.8096,10741.49347669311
BF16,TS,2,256,64,16,10,471286,47.1286,11124.624962337095
BF16,TS,2,256,80,16,1,188286,188.286,3480.6623965669246
BF16,TS,2,256,80,16,2,229411,114.7055,5713.413916507927
BF16,TS,2,256,80,16,3,269411,89.8037,7297.694861124875
BF16,TS,2,256,80,16,4,309661,77.4153,8465.510047755417
BF16,TS,2,256,80,16,5,350536,70.1072,9347.969965994933
BF16,TS,2,256,80,16,6,390536,65.0893,10068.628791521802
BF16,TS,2,256,80,16,7,431411,61.6301,10633.764994702264
BF16,TS,2,256,80,16,8,471411,58.9264,11121.67042276467
BF16,TS,2,256,80,16,9,511286,56.8096,11536.078409282938
BF16,TS,2,256,80,16,10,551286,55.1286,11887.840431282493
BF16,TS,2,256,96,16,1,197411,197.411,3983.729376782449
BF16,TS,2,256,96,16,2,245411,122.7055,6409.101466519431
BF16,TS,2,256,96,16,3,293411,97.8037,8040.922787174718
BF16,TS,2,256,96,16,4,341661,85.4153,9207.156094985325
BF16,TS,2,256,96,16,5,390536,78.1072,10068.623635209045
BF16,TS,2,256,96,16,6,438536,73.0893,10759.878668970698
BF16,TS,2,256,96,16,7,487411,69.6301,11294.425830208487
BF16,TS,2,256,96,16,8,535411,66.9264,11750.699275622175
BF16,TS,2,256,96,16,9,583286,64.8096,12134.498592801066
BF16,TS,2,256,96,16,10,631286,63.1286,12457.618258602282
BF16,TS,2,256,112,16,1,205411,205.411,4466.674131375632
BF16,TS,2,256,112,16,2,261411,130.7055,7019.6280952217
BF16,TS,2,256,112,16,3,317411,105.8037,8671.757225881514
BF16,TS,2,256,112,16,4,373661,93.4153,9821.774377430678
BF16,TS,2,256,112,16,5,430536,86.1072,10655.36912128138
BF16,TS,2,256,112,16,6,486536,81.0893,11314.735729621541
BF16,TS,2,256,112,16,7,543411,77.6301,11818.920753676732
BF16,TS,2,256,112,16,8,599411,74.9264,12245.403489290824
BF16,TS,2,256,112,16,9,655286,72.8096,12601.415197995868
BF16,TS,2,256,112,16,10,711286,71.1286,12899.227596213055
BF16,TS,2,256,128,16,1,213659,213.659,4907.7080768888745
BF16,TS,2,256,128,16,2,277659,138.8295,7552.976852902301
BF16,TS,2,256,128,16,3,341659,113.8863,9207.21807627432
BF16,TS,2,256,128,16,4,405909,101.4772,10333.119163713623
BF16,TS,2,256,128,16,5,470784,94.1568,11136.487221315932
BF16,TS,2,256,128,16,6,534784,89.1307,11764.476213022
BF16,TS,2,256,128,16,7,599659,85.6656,12240.339179320521
BF16,TS,2,256,128,16,8,663659,82.9574,12639.933266953882
BF16,TS,2,256,128,16,9,727534,80.8371,12971.469783057531
BF16,TS,2,256,128,16,10,791534,79.1534,13247.390510072844
BF16,TS,2,256,256,16,1,277411,277.411,7559.7290662590885
BF16,TS,2,256,256,16,2,405411,202.7055,10345.807094528762
BF16,TS,2,256,256,16,3,533411,177.8037,11794.76017653176
BF16,TS,2,256,256,16,4,661661,165.4152,12678.109387770894
BF16,TS,2,256,256,16,5,790536,158.1072,13264.114474230142
BF16,TS,2,256,256,16,6,918536,153.0893,13698.880326711273
BF16,TS,2,256,256,16,7,1047411,149.6301,14015.575743115856
BF16,TS,2,256,256,16,8,1175411,146.9264,14273.486589203847
BF16,TS,2,256,256,16,9,1303286,144.8096,14482.13378118578
BF16,TS,2,256,256,16,10,1431286,143.1286,14652.221848044346
E4M3,TS,1,64,64,32,1,151799,151.799,1726.9151970698094
E4M3,TS,1,64,64,32,2,179799,89.8995,2915.9672745677117
E4M3,TS,1,64,64,32,3,211674,70.558,3715.2980526658916
E4M3,TS,1,64,64,32,4,244049,61.0123,4296.576264130347
E4M3,TS,1,64,64,32,5,276924,55.3848,4733.139778422961
E4M3,TS,1,64,64,32,6,308925,51.4875,5091.410536537995
E4M3,TS,1,64,64,32,7,341799,48.8284,5368.678883600527
E4M3,TS,1,64,64,32,8,373799,46.7249,5610.370487684297
E4M3,TS,1,64,64,32,9,405549,45.061,5817.5362286678055
E4M3,TS,1,64,64,32,10,437549,43.7549,5991.191843656367
E4M3,TS,1,64,80,32,1,158549,158.549,2066.742773527427
E4M3,TS,1,64,80,32,2,195424,97.712,3353.5287375143275
E4M3,TS,1,64,80,32,3,235424,78.4747,4175.613286830023
E4M3,TS,1,64,80,32,4,275800,68.95,4752.429296591733
E4M3,TS,1,64,80,32,5,316549,63.3098,5175.817961832133
E4M3,TS,1,64,80,32,6,356673,59.4455,5512.275950240136
E4M3,TS,1,64,80,32,7,397548,56.7926,5769.765779344492
E4M3,TS,1,64,80,32,8,437548,54.6935,5991.205536306874
E4M3,TS,1,64,80,32,9,477299,53.0332,6178.7710339938
E4M3,TS,1,64,80,32,10,517299,51.7299,6334.441009938159
E4M3,TS,1,64,96,32,1,165549,165.549,2375.2242538462933
E4M3,TS,1,64,96,32,2,211424,105.712,3719.691236567277
E4M3,TS,1,64,96,32,3,259424,86.4747,4547.179695332855
E4M3,TS,1,64,96,32,4,307800,76.95,5110.019493177388
E4M3,TS,1,64,96,32,5,356549,71.3098,5514.193000120601
E4M3,TS,1,64,96,32,6,404673,67.4455,5830.129511976337
E4M3,TS,1,64,96,32,7,453548,64.7926,6068.841194827805
E4M3,TS,1,64,96,32,8,501548,62.6935,6272.037771060795
E4M3,TS,1,64,96,32,9,549299,61.0332,6442.657438902105
E4M3,TS,1,64,96,32,10,597299,59.7299,6583.235531953009
E4M3,TS,1,64,112,32,1,172674,172.674,2656.7520298365707
E4M3,TS,1,64,112,32,2,227424,113.712,4034.332348388912
E4M3,TS,1,64,112,32,3,283424,94.4747,4855.8185418953435
E4M3,TS,1,64,112,32,4,339800,84.95,5400.258975868158
E4M3,TS,1,64,112,32,5,396549,79.3098,5784.304083480226
E4M3,TS,1,64,112,32,6,452673,75.4455,6080.5747194995065
E4M3,TS,1,64,112,32,7,509548,72.7926,6302.1790676524815
E4M3,TS,1,64,112,32,8,565548,70.6935,6489.309483898803
E4M3,TS,1,64,112,32,9,621299,69.0332,6645.38222188744
E4M3,TS,1,64,112,32,10,677299,67.7299,6773.256715276414
E4M3,TS,1,64,128,32,1,179549,179.549,2920.027401990543
E4M3,TS,1,64,128,32,2,243424,121.712,4307.611410542921
E4M3,TS,1,64,128,32,3,307424,102.4747,5116.267722667156
E4M3,TS,1,64,128,32,4,371800,92.95,5640.5379236148465
E4M3,TS,1,64,128,32,5,436549,87.3098,6004.915828463701
E4M3,TS,1,64,128,32,6,500673,83.4455,6282.999083233967
E4M3,TS,1,64,128,32,7,565548,80.7926,6489.307189024738
E4M3,TS,1,64,128,32,8,629548,78.6935,6662.405408324703
E4M3,TS,1,64,128,32,9,693299,77.0332,6806.000529641766
E4M3,TS,1,64,128,32,10,757299,75.7299,6923.130758128559
E4M3,TS,1,64,256,32,1,243424,243.424,4307.611410542921
E4M3,TS,1,64,256,32,2,371424,185.712,5646.24795382097
E4M3,TS,1,64,256,32,3,499424,166.4747,6298.710855162976
E4M3,TS,1,64,256,32,4,627800,156.95,6680.9557183816505
E4M3,TS,1,64,256,32,5,756549,151.3098,6929.993959413072
E4M3,TS,1,64,256,32,6,884673,147.4455,7111.61751291155
E4M3,TS,1,64,256,32,7,1013548,144.7926,7241.91705929723
E4M3,TS,1,64,256,32,8,1141548,142.6935,7348.4496490730135
E4M3,TS,1,64,256,32,9,1269299,141.0332,7434.958577129357
E4M3,TS,1,64,256,32,10,1397299,139.7299,7504.306522798629
E4M3,TS,1,128,64,32,1,151545,151.545,3459.619255006764
E4M3,TS,1,128,64,32,2,179545,89.7725,5840.184911860537
E4M3,TS,1,128,64,32,3,211420,70.4733,7439.52674275222
E4M3,TS,1,128,64,32,4,243794,60.9485,8602.147714874032
E4M3,TS,1,128,64,32,5,276669,55.3338,9475.004427673503
E4M3,TS,1,128,64,32,6,308670,51.445,10191.233356011275
E4M3,TS,1,128,64,32,7,341544,48.792,10745.36809313002
E4M3,TS,1,128,64,32,8,373544,46.693,11228.40682757587
E4M3,TS,1,128,64,32,9,405295,45.0328,11642.358458723418
E4M3,TS,1,128,64,32,10,437295,43.7295,11989.343578133754
E4M3,TS,1,128,80,32,1,158545,158.545,4133.589832539657
E4M3,TS,1,128,80,32,2,195420,97.71,6707.194760004094
E4M3,TS,1,128,80,32,3,235420,78.4733,8351.375563408192
E4M3,TS,1,128,80,32,4,275794,68.9485,9505.065374881253
E4M3,TS,1,128,80,32,5,316669,63.3338,10347.71322737622
E4M3,TS,1,128,80,32,6,356670,59.445,11024.644629489443
E4M3,TS,1,128,80,32,7,397544,56.792,11539.653472320044
E4M3,TS,1,128,80,32,8,437544,54.693,11982.52061506957
E4M3,TS,1,128,80,32,9,477295,53.0328,12357.635274773347
E4M3,TS,1,128,80,32,10,517295,51.7295,12668.97998240849
E4M3,TS,1,128,96,32,1,165545,165.545,4750.563290948081
E4M3,TS,1,128,96,32,2,211420,105.71,7439.523223914483
E4M3,TS,1,128,96,32,3,259420,86.4733,9094.506628057447
E4M3,TS,1,128,96,32,4,307794,76.9485,10220.238211271175
E4M3,TS,1,128,96,32,5,356669,71.3338,11024.675539505817
E4M3,TS,1,128,96,32,6,404670,67.445,11660.345466676552
E4M3,TS,1,128,96,32,7,453544,64.792,12137.794789480182
E4M3,TS,1,128,96,32,8,501544,62.693,12544.175585791078
E4M3,TS,1,128,96,32,9,549295,61.0328,12885.39932626391
E4M3,TS,1,128,96,32,10,597295,59.7295,13166.559237897522
E4M3,TS,1,128,112,32,1,172670,172.67,5313.627150055018
E4M3,TS,1,128,112,32,2,227420,113.71,8068.806613314573
E4M3,TS,1,128,112,32,3,283420,94.4733,9711.78100055783
E4M3,TS,1,128,112,32,4,339794,84.9485,10800.708664661532
E4M3,TS,1,128,112,32,5,396669,79.3338,11565.108440538586
E4M3,TS,1,128,112,32,6,452670,75.445,12161.230035124927
E4M3,TS,1,128,112,32,7,509544,72.792,12604.462028794373
E4M3,TS,1,128,112,32,8,565544,70.693,12978.710763441926
E4M3,TS,1,128,112,32,9,621295,69.0328,13290.841455076428
E4M3,TS,1,128,112,32,10,677295,67.7295,13546.593434175655
E4M3,TS,1,128,128,32,1,179545,179.545,5840.184911860537
E4M3,TS,1,128,128,32,2,243420,121.71,8615.364390764933
E4M3,TS,1,128,128,32,3,307420,102.4733,10232.675243209695
E4M3,TS,1,128,128,32,4,371796,92.949,11281.197215677415
E4M3,TS,1,128,128,32,5,436671,87.3342,12006.47627160952
E4M3,TS,1,128,128,32,6,500545,83.4242,12569.206537191847
E4M3,TS,1,128,128,32,7,565544,80.792,12978.710763441924
E4M3,TS,1,128,128,32,8,629544,78.693,13324.895479902914
E4M3,TS,1,128,128,32,9,693295,77.0328,13612.071740868825
E4M3,TS,1,128,128,32,10,757295,75.7295,13846.334651621892
E4M3,TS,1,128,256,32,1,243420,243.42,8615.364390764933
E4M3,TS,1,128,256,32,2,371420,185.71,11292.617521942813
E4M3,TS,1,128,256,32,3,499420,166.4733,12597.527651581366
E4M3,TS,1,128,256,32,4,627794,156.9485,13362.039140227527
E4M3,TS,1,128,256,32,5,756669,151.3338,13857.789865846229
E4M3,TS,1,128,256,32,6,884670,147.445,14223.283258164061
E4M3,TS,1,128,256,32,7,1013544,144.792,14483.894137797668
E4M3,TS,1,128,256,32,8,1141544,142.693,14696.950796465137
E4M3,TS,1,128,256,32,9,1269295,141.0328,14869.95932861008
E4M3,TS,1,128,256,32,10,1397295,139.7295,15008.65601036288
E4M3,TS,2,128,64,32,1,174286,174.286,3008.2049045821236
E4M3,TS,2,128,64,32,2,188286,94.143,5569.059834507079
E4M3,TS,2,128,64,32,3,209411,69.8037,7510.891256480673
E4M3,TS,2,128,64,32,4,225661,56.4153,9293.36545227979
E4M3,TS,2,128,64,32,5,246536,49.3072,10633.092124476749
E4M3,TS,2,128,64,32,6,262536,43.756,11982.082457263004
E4M3,TS,2,128,64,32,7,283411,40.4873,12949.443405709939
E4M3,TS,2,128,64,32,8,299411,37.4264,14008.50736378599
E4M3,TS,2,128,64,32,9,319286,35.4762,14778.583952058
E4M3,TS,2,128,64,32,10,335286,33.5286,15637.038230048378
E4M3,TS,2,128,80,32,1,177786,177.786,3686.229511885075
E4M3,TS,2,128,80,32,2,197411,98.7055,6639.548961304081
E4M3,TS,2,128,80,32,3,217411,72.4703,9043.152850202083
E4M3,TS,2,128,80,32,4,237661,59.4153,11030.155532329214
E4M3,TS,2,128,80,32,5,258536,51.7072,12674.44379119349
E4M3,TS,2,128,80,32,6,278536,46.4227,14117.231440652957
E4M3,TS,2,128,80,32,7,299411,42.773,15321.815163771536
E4M3,TS,2,128,80,32,8,319411,39.9264,16414.20213192274
E4M3,TS,2,128,80,32,9,339286,37.6984,17384.29217155105
E4M3,TS,2,128,80,32,10,359286,35.9286,18240.62167743803
E4M3,TS,2,128,96,32,1,181411,181.411,4335.084421562088
E4M3,TS,2,128,96,32,2,205411,102.7055,7657.155653786798
E4M3,TS,2,128,96,32,3,229411,76.4703,10284.149532563624
E4M3,TS,2,128,96,32,4,253661,63.4153,12401.297478684166
E4M3,TS,2,128,96,32,5,278536,55.7072,14117.241577390356
E4M3,TS,2,128,96,32,6,302536,50.4227,15596.784781457558
E4M3,TS,2,128,96,32,7,327411,46.773,16813.80283496889
E4M3,TS,2,128,96,32,8,351411,43.9264,17903.40205434545
E4M3,TS,2,128,96,32,9,375286,41.6984,18860.00422078545
E4M3,TS,2,128,96,32,10,399286,39.9286,19695.957283751493
E4M3,TS,2,128,112,32,1,185411,185.411,4948.487414446823
E4M3,TS,2,128,112,32,2,213411,106.7055,8598.469619654095
E4M3,TS,2,128,112,32,3,241411,80.4703,11401.771833831861
E4M3,TS,2,128,112,32,4,269661,67.4153,13609.72954210691
E4M3,TS,2,128,112,32,5,298536,59.7072,15366.722941286813
E4M3,TS,2,128,112,32,6,326536,54.4227,16858.847502972105
E4M3,TS,2,128,112,32,7,355411,50.773,18070.70687176255
E4M3,TS,2,128,112,32,8,383411,47.9264,19144.02083194231
E4M3,TS,2,128,112,32,9,411286,45.6984,20077.37688846874
E4M3,TS,2,128,112,32,10,439286,43.9286,20886.25633414222
E4M3,TS,2,128,128,32,1,188286,188.286,5569.059834507079
E4M3,TS,2,128,128,32,2,221411,110.7055,9471.760662297718
E4M3,TS,2,128,128,32,3,253411,84.4703,12413.54653647495
E4M3,TS,2,128,128,32,4,285661,71.4153,14682.792062765262
E4M3,TS,2,128,128,32,5,318536,63.7072,16459.301303463344
E4M3,TS,2,128,128,32,6,350536,58.4227,17948.09209434004
E4M3,TS,2,128,128,32,7,383411,54.773,19144.03081810381
E4M3,TS,2,128,128,32,8,415411,51.9264,20193.504652739262
E4M3,TS,2,128,128,32,9,447286,49.6984,21098.787888543695
E4M3,TS,2,128,128,32,10,479286,47.9286,21877.876674887226
E4M3,TS,2,128,256,32,1,221411,221.411,9471.760662297718
E4M3,TS,2,128,256,32,2,285411,142.7055,14695.663446748724
E4M3,TS,2,128,256,32,3,349411,116.4703,18005.89506509385
E4M3,TS,2,128,256,32,4,413661,103.4153,20278.933581394627
E4M3,TS,2,128,256,32,5,478536,95.7072,21912.165437918986
E4M3,TS,2,128,256,32,6,542536,90.4227,23192.760225031987
E4M3,TS,2,128,256,32,7,607411,86.773,24168.255102393603
E4M3,TS,2,128,256,32,8,671411,83.9264,24987.98947649369
E4M3,TS,2,128,256,32,9,735286,81.6984,25669.437834767876
E4M3,TS,2,128,256,32,10,799286,79.9286,26237.81725189732
E4M3,TS,2,256,64,32,1,181411,181.411,5780.112562082784
E4M3,TS,2,256,64,32,2,213411,106.7055,9826.822422461822
E4M3,TS,2,256,64,32,3,245411,81.8037,12818.197709883538
E4M3,TS,2,256,64,32,4,277661,69.4153,15105.83401642001
E4M3,TS,2,256,64,32,5,310536,62.1072,16883.324316665377
E4M3,TS,2,256,64,32,6,342536,57.0893,18367.294747001626
E4M3,TS,2,256,64,32,7,375411,53.6301,19552.005310450662
E4M3,TS,2,256,64,32,8,407411,50.9264,20590.027961921518
E4M3,TS,2,256,64,32,9,439286,48.8096,21482.98695338622
E4M3,TS,2,256,64,32,10,471286,47.1286,22249.24992467419
E4M3,TS,2,256,80,32,1,188286,188.286,6961.324793133849
E4M3,TS,2,256,80,32,2,229411,114.7055,11426.827833015854
E4M3,TS,2,256,80,32,3,269411,89.8037,14595.38972224975
E4M3,TS,2,256,80,32,4,309661,77.4153,16931.020095510834
E4M3,TS,2,256,80,32,5,350536,70.1072,18695.939931989866
E4M3,TS,2,256,80,32,6,390536,65.0893,20137.257583043604
E4M3,TS,2,256,80,32,7,431411,61.6301,21267.529989404527
E4M3,TS,2,256,80,32,8,471411,58.9264,22243.34084552934
E4M3,TS,2,256,80,32,9,511286,56.8096,23072.156818565876
E4M3,TS,2,256,80,32,10,551286,55.1286,23775.680862564986
E4M3,TS,2,256,96,32,1,197411,197.411,7967.458753564898
E4M3,TS,2,256,96,32,2,245411,122.7055,12818.202933038861
E4M3,TS,2,256,96,32,3,293411,97.8037,16081.845574349436
E4M3,TS,2,256,96,32,4,341661,85.4153,18414.31218997065
E4M3,TS,2,256,96,32,5,390536,78.1072,20137.24727041809
E4M3,TS,2,256,96,32,6,438536,73.0893,21519.757337941395
E4M3,TS,2,256,96,32,7,487411,69.6301,22588.851660416974
E4M3,TS,2,256,96,32,8,535411,66.9264,23501.39855124435
E4M3,TS,2,256,96,32,9,583286,64.8096,24268.997185602133
E4M3,TS,2,256,96,32,10,631286,63.1286,24915.236517204565
E4M3,TS,2,256,112,32,1,205411,205.411,8933.348262751264
E4M3,TS,2,256,112,32,2,261411,130.7055,14039.2561904434
E4M3,TS,2,256,112,32,3,317411,105.8037,17343.51445176303
E4M3,TS,2,256,112,32,4,373661,93.4153,19643.548754861356
E4M3,TS,2,256,112,32,5,430536,86.1072,21310.73824256276
E4M3,TS,2,256,112,32,6,486536,81.0893,22629.471459243083
E4M3,TS,2,256,112,32,7,543411,77.6301,23637.841507353463
E4M3,TS,2,256,112,32,8,599411,74.9264,24490.806978581648
E4M3,TS,2,256,112,32,9,655286,72.8096,25202.830395991736
E4M3,TS,2,256,112,32,10,711286,71.1286,25798.45519242611
E4M3,TS,2,256,128,32,1,213411,213.411,9826.822422461822
E4M3,TS,2,256,128,32,2,277411,138.7055,15119.458132518177
E4M3,TS,2,256,128,32,3,341411,113.8037,18427.8015565399
E4M3,TS,2,256,128,32,4,405661,101.4153,20678.852204746225
E4M3,TS,2,256,128,32,5,470536,94.1072,22284.713603209955
E4M3,TS,2,256,128,32,6,534536,89.0893,23539.886383662237
E4M3,TS,2,256,128,32,7,599411,85.6301,24490.827407652218
E4M3,TS,2,256,128,32,8,663411,82.9264,25289.31679175751
E4M3,TS,2,256,128,32,9,727286,80.8096,25951.76810675959
E4M3,TS,2,256,128,32,10,791286,79.1286,26503.08485174766
E4M3,TS,2,256,256,32,1,277411,277.411,15119.458132518177
E4M3,TS,2,256,256,32,2,405411,202.7055,20691.614189057524
E4M3,TS,2,256,256,32,3,533411,177.8037,23589.52035306352
E4M3,TS,2,256,256,32,4,661661,165.4152,25356.218775541787
E4M3,TS,2,256,256,32,5,790536,158.1072,26528.228948460284
E4M3,TS,2,256,256,32,6,918536,153.0893,27397.760653422545
E4M3,TS,2,256,256,32,7,1047411,149.6301,28031.151486231713
E4M3,TS,2,256,256,32,8,1175411,146.9264,28546.973178407694
E4M3,TS,2,256,256,32,9,1303286,144.8096,28964.26756237156
E4M3,TS,2,256,256,32,10,1431286,143.1286,29304.443696088692
S8,TS,1,64,64,32,1,150924,150.924,1736.927195144576
S8,TS,1,64,64,32,2,178924,89.462,2930.2273591021885
S8,TS,1,64,64,32,3,210674,70.2247,3732.9315753573887
S8,TS,1,64,64,32,4,243049,60.7623,4314.254068723534
S8,TS,1,64,64,32,5,275924,55.1848,4750.293559095982
S8,TS,1,64,64,32,6,307925,51.3208,5107.948434163147
S8,TS,1,64,64,32,7,340799,48.6856,5384.425785037054
S8,TS,1,64,64,32,8,372799,46.5999,5625.419797038191
S8,TS,1,64,64,32,9,404549,44.9499,5831.915087686513
S8,TS,1,64,64,32,10,436549,43.6549,6004.915828463701
S8,TS,1,64,80,32,1,157674,157.674,2078.212007052526
S8,TS,1,64,80,32,2,194424,97.212,3370.777270295848
S8,TS,1,64,80,32,3,234424,78.1413,4193.429082956132
S8,TS,1,64,80,32,4,274800,68.7,4769.723435225618
S8,TS,1,64,80,32,5,315549,63.1098,5192.220542609864
S8,TS,1,64,80,32,6,355673,59.2788,5527.777215463201
S8,TS,1,64,80,32,7,396548,56.6497,5784.320128791503
S8,TS,1,64,80,32,8,436548,54.5685,6004.929583917462
S8,TS,1,64,80,32,9,476299,52.9221,6191.742202217977
S8,TS,1,64,80,32,10,516299,51.6299,6346.709949079894
S8,TS,1,64,96,32,1,164674,164.674,2387.8450757253727
S8,TS,1,64,96,32,2,210424,105.212,3737.3683610234575
S8,TS,1,64,96,32,3,258424,86.1413,4564.779031660772
S8,TS,1,64,96,32,4,306800,76.7,5126.6753585397655
S8,TS,1,64,96,32,5,355549,71.1098,5529.701953879774
S8,TS,1,64,96,32,6,403673,67.2788,5844.575111327787
S8,TS,1,64,96,32,7,452548,64.6497,6082.255602114164
S8,TS,1,64,96,32,8,500548,62.5685,6284.568113347771
S8,TS,1,64,96,32,9,548299,60.9221,6454.406528993583
S8,TS,1,64,96,32,10,596299,59.6299,6594.275690551217
S8,TS,1,64,112,32,1,171674,171.674,2672.227594161026
S8,TS,1,64,112,32,2,226424,113.212,4052.1499487686815
S8,TS,1,64,112,32,3,282424,94.1413,4873.015350329771
S8,TS,1,64,112,32,4,338800,84.7,5416.198347107438
S8,TS,1,64,112,32,5,395549,79.1098,5798.927566496186
S8,TS,1,64,112,32,6,451673,75.2788,6094.039756212905
S8,TS,1,64,112,32,7,508548,72.6497,6314.57528386215
S8,TS,1,64,112,32,8,564548,70.5685,6500.804183169545
S8,TS,1,64,112,32,9,620299,68.9221,6656.094344194387
S8,TS,1,64,112,32,10,676299,67.6299,6783.271896010492
S8,TS,1,64,128,32,1,178674,178.674,2934.3273223860215
S8,TS,1,64,128,32,2,242424,121.212,4325.380325380325
S8,TS,1,64,128,32,3,306424,102.1413,5132.967761326711
S8,TS,1,64,128,32,4,370800,92.7,5655.749730312837
S8,TS,1,64,128,32,5,435549,87.1098,6018.702832517121
S8,TS,1,64,128,32,6,499673,83.2788,6295.575824819762
S8,TS,1,64,128,32,7,564548,80.6497,6500.805334675765
S8,TS,1,64,128,32,8,628548,78.5685,6673.005084734977
S8,TS,1,64,128,32,9,692299,76.9221,6815.830561048126
S8,TS,1,64,128,32,10,756299,75.6299,6932.284718081076
S8,TS,1,64,256,32,1,242424,242.424,4325.380325380325
S8,TS,1,64,256,32,2,370424,185.212,5661.4906161587805
S8,TS,1,64,256,32,3,498424,166.1413,6311.350639485787
S8,TS,1,64,256,32,4,626800,156.7,6691.614550095725
S8,TS,1,64,256,32,5,755549,151.1098,6939.166089823426
S8,TS,1,64,256,32,6,883673,147.2788,7119.66691743822
S8,TS,1,64,256,32,7,1012548,144.6497,7249.071377265214
S8,TS,1,64,256,32,8,1140548,142.5685,7354.892560418325
S8,TS,1,64,256,32,9,1268299,140.9221,7440.820141056654
S8,TS,1,64,256,32,10,1396299,139.6299,7509.680949424157
S8,TS,1,128,64,32,1,150670,150.67,3479.710625871109
S8,TS,1,128,64,32,2,178670,89.335,5868.786030111379
S8,TS,1,128,64,32,3,210420,70.14,7474.8788138009695
S8,TS,1,128,64,32,4,242794,60.6985,8637.577534864948
S8,TS,1,128,64,32,5,275669,55.1338,9509.375374089941
S8,TS,1,128,64,32,6,307670,51.2783,10224.363912220178
S8,TS,1,128,64,32,7,340544,48.6491,10776.931125139006
S8,TS,1,128,64,32,8,372544,46.568,11258.546641470539
S8,TS,1,128,64,32,9,404295,44.9217,11671.152249358327
S8,TS,1,128,64,32,10,436295,43.6295,12016.823479526467
S8,TS,1,128,80,32,1,157670,157.67,4156.529460265111
S8,TS,1,128,80,32,2,194420,97.21,6741.693241436066
S8,TS,1,128,80,32,3,234420,78.14,8386.997696442282
S8,TS,1,128,80,32,4,274794,68.6985,9539.65515986521
S8,TS,1,128,80,32,5,315669,63.1338,10380.493491600379
S8,TS,1,128,80,32,6,355670,59.2783,11055.647682204111
S8,TS,1,128,80,32,7,396544,56.6491,11568.762787052223
S8,TS,1,128,80,32,8,436544,54.568,12009.969212725407
S8,TS,1,128,80,32,9,476295,52.9217,12383.578002974205
S8,TS,1,128,80,32,10,516295,51.6295,12693.518240540776
S8,TS,1,128,96,32,1,164670,164.67,4775.806157770086
S8,TS,1,128,96,32,2,210420,105.21,7474.8788138009695
S8,TS,1,128,96,32,3,258420,86.14,9129.695843974925
S8,TS,1,128,96,32,4,306794,76.6985,10253.551242853511
S8,TS,1,128,96,32,5,355669,71.1338,11055.672549477184
S8,TS,1,128,96,32,6,403670,67.2783,11689.237094278542
S8,TS,1,128,96,32,7,452544,64.6491,12164.624101495612
S8,TS,1,128,96,32,8,500544,62.568,12569.236670502494
S8,TS,1,128,96,32,9,548295,60.9217,12908.897814735965
S8,TS,1,128,96,32,10,596295,59.6295,13188.639851080421
S8,TS,1,128,112,32,1,171670,171.67,5344.579716898701
S8,TS,1,128,112,32,2,226420,113.21,8104.443070400142
S8,TS,1,128,112,32,3,282420,94.14,9746.165285744635
S8,TS,1,128,112,32,4,338794,84.6985,10832.588534625762
S8,TS,1,128,112,32,5,395669,79.1338,11594.337691353127
S8,TS,1,128,112,32,6,451670,75.2783,12188.160465897874
S8,TS,1,128,112,32,7,508544,72.6491,12629.254870328743
S8,TS,1,128,112,32,8,564544,70.568,13001.700487473076
S8,TS,1,128,112,32,9,620295,68.9217,13312.26594817017
S8,TS,1,128,112,32,10,676295,67.6295,13566.624032411893
S8,TS,1,128,128,32,1,178670,178.67,5868.786030111379
S8,TS,1,128,128,32,2,242420,121.21,8650.903390809339
S8,TS,1,128,128,32,3,306420,102.14,10266.066183669473
S8,TS,1,128,128,32,4,370796,92.699,11311.62148458991
S8,TS,1,128,128,32,5,435671,87.1342,12034.034856577555
S8,TS,1,128,128,32,6,499545,83.2575,12594.372879320183
S8,TS,1,128,128,32,7,564544,80.6491,13001.70739661075
S8,TS,1,128,128,32,8,628544,78.568,13346.09510233174
S8,TS,1,128,128,32,9,692295,76.9217,13631.732008002942
S8,TS,1,128,128,32,10,756295,75.6295,13864.64276505861
S8,TS,1,128,256,32,1,242420,242.42,8650.903390809339
S8,TS,1,128,256,32,2,370420,185.21,11323.103504130446
S8,TS,1,128,256,32,3,498420,166.14,12622.800048152161
S8,TS,1,128,256,32,4,626794,156.6985,13383.357211460225
S8,TS,1,128,256,32,5,755669,151.1338,13876.12830485305
S8,TS,1,128,256,32,6,883670,147.2783,14239.382176464556
S8,TS,1,128,256,32,7,1012544,144.6491,14498.202892378868
S8,TS,1,128,256,32,8,1140544,142.568,14709.836709500027
S8,TS,1,128,256,32,9,1268295,140.9217,14881.682522989719
S8,TS,1,128,256,32,10,1396295,139.6295,15019.404925176985
S8,TS,2,128,64,32,1,171661,171.661,3054.205672808617
S8,TS,2,128,64,32,2,185661,92.8305,5647.798945389715
S8,TS,2,128,64,32,3,206411,68.8037,7620.0553167925555
S8,TS,2,128,64,32,4,222661,55.6653,9418.578539952177
S8,TS,2,128,64,32,5,243536,48.7072,10764.07594770383
S8,TS,2,128,64,32,6,259536,43.256,12120.58442759386
S8,TS,2,128,64,32,7,280411,40.0587,13087.99336972992
S8,TS,2,128,64,32,8,296411,37.0514,14150.288518112675
S8,TS,2,128,64,32,9,316286,35.1429,14918.746034049553
S8,TS,2,128,64,32,10,332286,33.2286,15778.215152007608
S8,TS,2,128,80,32,1,175161,175.161,3741.4721313534405
S8,TS,2,128,80,32,2,194411,97.2055,6742.005339204057
S8,TS,2,128,80,32,3,214411,71.4703,9169.683071149835
S8,TS,2,128,80,32,4,234661,58.6653,11171.1693283764
S8,TS,2,128,80,32,5,255536,51.1072,12823.242126354016
S8,TS,2,128,80,32,6,275536,45.9227,14270.937902170386
S8,TS,2,128,80,32,7,296411,42.3444,15476.898952399844
S8,TS,2,128,80,32,8,316411,39.5514,16569.83065074814
S8,TS,2,128,80,32,9,336286,37.3651,17539.361596784165
S8,TS,2,128,80,32,10,356286,35.6286,18394.211391971618
S8,TS,2,128,96,32,1,178661,178.661,4401.81125147626
S8,TS,2,128,96,32,2,202411,101.2055,7770.6448760195835
S8,TS,2,128,96,32,3,226411,75.4703,10420.417038225634
S8,TS,2,128,96,32,4,250661,62.6653,12549.720499223653
S8,TS,2,128,96,32,5,275536,55.1072,14270.948260844318
S8,TS,2,128,96,32,6,299536,49.9227,15752.994128923316
S8,TS,2,128,96,32,7,324411,46.3444,16969.299419131545
S8,TS,2,128,96,32,8,348411,43.5514,18057.559573285816
S8,TS,2,128,96,32,9,372286,41.3651,19011.969027030034
S8,TS,2,128,96,32,10,396286,39.6286,19845.061395053068
S8,TS,2,128,112,32,1,182411,182.411,5029.872102011392
S8,TS,2,128,112,32,2,210411,105.2055,8721.064963333665
S8,TS,2,128,112,32,3,238411,79.4703,11545.243946480636
S8,TS,2,128,112,32,4,266661,66.6653,13762.842138263833
S8,TS,2,128,112,32,5,295536,59.1072,15522.711277137134
S8,TS,2,128,112,32,6,323536,53.9227,17015.17171803341
S8,TS,2,128,112,32,7,352411,50.3444,18224.549304391352
S8,TS,2,128,112,32,8,380411,47.5514,19294.994469142865
S8,TS,2,128,112,32,9,408286,45.3651,20224.886531717115
S8,TS,2,128,112,32,10,436286,43.6286,21029.874898575705
S8,TS,2,128,128,32,1,185661,185.661,5647.798945389715
S8,TS,2,128,128,32,2,218411,109.2055,9601.86071214362
S8,TS,2,128,128,32,3,250411,83.4703,12562.264661801863
S8,TS,2,128,128,32,4,282661,70.6653,14838.626596080396
S8,TS,2,128,128,32,5,315536,63.1072,16615.79027432686
S8,TS,2,128,128,32,6,347536,57.9227,18103.023512370797
S8,TS,2,128,128,32,7,380411,54.3444,19295.01475773033
S8,TS,2,128,128,32,8,412411,51.5514,20340.39812691799
S8,TS,2,128,128,32,9,444286,49.3651,21241.24128179625
S8,TS,2,128,128,32,10,476286,47.6286,22015.679654661275
S8,TS,2,128,256,32,1,218411,218.411,9601.86071214362
S8,TS,2,128,256,32,2,282411,141.2055,14851.772770890651
S8,TS,2,128,256,32,3,346411,115.4703,18161.8303581094
S8,TS,2,128,256,32,4,410661,102.6653,20427.07711368885
S8,TS,2,128,256,32,5,475536,95.1072,22050.40207260859
S8,TS,2,128,256,32,6,539536,89.9227,23321.71965477015
S8,TS,2,128,256,32,7,604411,86.3444,24288.22251356197
S8,TS,2,128,256,32,8,668411,83.5514,25100.141948549037
S8,TS,2,128,256,32,9,732286,81.3651,25774.588859351246
S8,TS,2,128,256,32,10,796286,79.6286,26336.667981102266
S8,TS,2,256,64,32,1,178661,178.661,5869.081668635013
S8,TS,2,256,64,32,2,210411,105.2055,9966.931386667047
S8,TS,2,256,64,32,3,242411,80.8037,12976.831506478044
S8,TS,2,256,64,32,4,274661,68.6653,15270.828205804095
S8,TS,2,256,64,32,5,307536,61.5072,17048.020394360337
S8,TS,2,256,64,32,6,339536,56.5893,18529.580680446656
S8,TS,2,256,64,32,7,372411,53.2016,19709.482421581306
S8,TS,2,256,64,32,8,404411,50.5514,20742.768746266178
S8,TS,2,256,64,32,9,436286,48.4762,21630.73838295906
S8,TS,2,256,64,32,10,468286,46.8286,22391.78621611579
S8,TS,2,256,80,32,1,185661,185.661,7059.748681737145
S8,TS,2,256,80,32,2,226411,113.2055,11578.236039768386
S8,TS,2,256,80,32,3,266411,88.8037,14759.745370969902
S8,TS,2,256,80,32,4,306661,76.6653,17096.652592502734
S8,TS,2,256,80,32,5,347536,69.5072,18857.327010726945
S8,TS,2,256,80,32,6,387536,64.5893,20293.144530131154
S8,TS,2,256,80,32,7,428411,61.2016,21416.43355729262
S8,TS,2,256,80,32,8,468411,58.5514,22385.801193481282
S8,TS,2,256,80,32,9,508286,56.4762,23208.36033585829
S8,TS,2,256,80,32,10,548286,54.8286,23905.77180522574
S8,TS,2,256,96,32,1,194411,194.411,8090.4064070448685
S8,TS,2,256,96,32,2,242411,121.2055,12976.836859713461
S8,TS,2,256,96,32,3,290411,96.8037,16247.973992729616
S8,TS,2,256,96,32,4,338661,84.6653,18577.433730229503
S8,TS,2,256,96,32,5,387536,77.5072,20293.134057223073
S8,TS,2,256,96,32,6,435536,72.5893,21667.98687960898
S8,TS,2,256,96,32,7,484411,69.2016,22728.723035305542
S8,TS,2,256,96,32,8,532411,66.5514,23633.822879759104
S8,TS,2,256,96,32,9,580286,64.4762,24394.489749706092
S8,TS,2,256,96,32,10,628286,62.8286,25034.204168165452
S8,TS,2,256,112,32,1,202411,202.411,9065.75235535618
S8,TS,2,256,112,32,2,258411,129.2055,14202.243712535457
S8,TS,2,256,112,32,3,314411,104.8037,17509.00015934552
S8,TS,2,256,112,32,4,370661,92.6653,19802.53665611615
S8,TS,2,256,112,32,5,427536,85.5072,21460.274690318478
S8,TS,2,256,112,32,6,483536,80.5893,22769.871434545283
S8,TS,2,256,112,32,7,540411,77.2016,23769.041056143913
S8,TS,2,256,112,32,8,596411,74.5514,24613.997859195133
S8,TS,2,256,112,32,9,652286,72.4762,25318.76671238282
S8,TS,2,256,112,32,10,708286,70.8286,25907.726539844076
S8,TS,2,256,128,32,1,210411,210.411,9966.931386667047
S8,TS,2,256,128,32,2,274411,137.2055,15284.751704559949
S8,TS,2,256,128,32,3,338411,112.8037,18591.163233120897
S8,TS,2,256,128,32,4,402661,100.6653,20832.918592603408
S8,TS,2,256,128,32,5,467536,93.5072,22427.70610177612
S8,TS,2,256,128,32,6,531536,88.5893,23672.7460314056
S8,TS,2,256,128,32,7,596411,85.2016,24613.997859195133
S8,TS,2,256,128,32,8,660411,82.5514,25404.196658082117
S8,TS,2,256,128,32,9,724286,80.4762,26059.282123161876
S8,TS,2,256,128,32,10,788286,78.8286,26603.948313175675
S8,TS,2,256,256,32,1,274411,274.411,15284.751704559949
S8,TS,2,256,256,32,2,402411,201.2055,20845.87150947663
S8,TS,2,256,256,32,3,530411,176.8037,23722.9424497338
S8,TS,2,256,256,32,4,658661,164.6652,25471.7086548949
S8,TS,2,256,256,32,5,787536,157.5072,26629.284248593078
S8,TS,2,256,256,32,6,915536,152.5893,27487.53680631604
S8,TS,2,256,256,32,7,1044411,149.2016,28111.655639081615
S8,TS,2,256,256,32,8,1172411,146.5514,28620.020006632483
S8,TS,2,256,256,32,9,1300286,144.4762,29031.106853585574
S8,TS,2,256,256,32,10,1428286,142.8286,29365.995325866108
F4,TS,1,64,64,64,1,151799,151.799,3453.830394139619
F4,TS,1,64,64,64,2,179799,89.8995,5831.934549135423
F4,TS,1,64,64,64,3,211674,70.558,7430.596105331783
F4,TS,1,64,64,64,4,244049,61.0123,8593.152528260694
F4,TS,1,64,64,64,5,276924,55.3848,9466.279556845922
F4,TS,1,64,64,64,6,308925,51.4875,10182.82107307599
F4,TS,1,64,64,64,7,341799,48.8284,10737.357767201054
F4,TS,1,64,64,64,8,373799,46.7249,11220.740975368593
F4,TS,1,64,64,64,9,405549,45.061,11635.072457335611
F4,TS,1,64,64,64,10,437549,43.7549,11982.383687312735
F4,TS,1,64,80,64,1,158549,158.549,4133.485547054854
F4,TS,1,64,80,64,2,195424,97.712,6707.057475028655
F4,TS,1,64,80,64,3,235424,78.4747,8351.226573660046
F4,TS,1,64,80,64,4,275800,68.95,9504.858593183466
F4,TS,1,64,80,64,5,316549,63.3098,10351.635923664266
F4,TS,1,64,80,64,6,356673,59.4455,11024.551900480272
F4,TS,1,64,80,64,7,397548,56.7926,11539.531558688985
F4,TS,1,64,80,64,8,437548,54.6935,11982.411072613748
F4,TS,1,64,80,64,9,477299,53.0332,12357.5420679876
F4,TS,1,64,80,64,10,517299,51.7299,12668.882019876319
F4,TS,1,64,96,64,1,165549,165.549,4750.448507692587
F4,TS,1,64,96,64,2,211424,105.712,7439.382473134554
F4,TS,1,64,96,64,3,259424,86.4747,9094.35939066571
F4,TS,1,64,96,64,4,307800,76.95,10220.038986354775
F4,TS,1,64,96,64,5,356549,71.3098,11028.386000241202
F4,TS,1,64,96,64,6,404673,67.4455,11660.259023952674
F4,TS,1,64,96,64,7,453548,64.7926,12137.68238965561
F4,TS,1,64,96,64,8,501548,62.6935,12544.07554212159
F4,TS,1,64,96,64,9,549299,61.0332,12885.31487780421
F4,TS,1,64,96,64,10,597299,59.7299,13166.471063906018
F4,TS,1,64,112,64,1,172674,172.674,5313.5040596731415
F4,TS,1,64,112,64,2,227424,113.712,8068.664696777824
F4,TS,1,64,112,64,3,283424,94.4747,9711.637083790687
F4,TS,1,64,112,64,4,339800,84.95,10800.517951736316
F4,TS,1,64,112,64,5,396549,79.3098,11568.608166960452
F4,TS,1,64,112,64,6,452673,75.4455,12161.149438999013
F4,TS,1,64,112,64,7,509548,72.7926,12604.358135304963
F4,TS,1,64,112,64,8,565548,70.6935,12978.618967797605
F4,TS,1,64,112,64,9,621299,69.0332,13290.76444377488
F4,TS,1,64,112,64,10,677299,67.7299,13546.513430552828
F4,TS,1,64,128,64,1,179549,179.549,5840.054803981086
F4,TS,1,64,128,64,2,243424,121.712,8615.222821085841
F4,TS,1,64,128,64,3,307424,102.4747,10232.535445334312
F4,TS,1,64,128,64,4,371800,92.95,11281.075847229693
F4,TS,1,64,128,64,5,436549,87.3098,12009.831656927401
F4,TS,1,64,128,64,6,500673,83.4455,12565.998166467934
F4,TS,1,64,128,64,7,565548,80.7926,12978.614378049477
F4,TS,1,64,128,64,8,629548,78.6935,13324.810816649406
F4,TS,1,64,128,64,9,693299,77.0332,13612.001059283532
F4,TS,1,64,128,64,10,757299,75.7299,13846.261516257118
F4,TS,1,64,256,64,1,243424,243.424,8615.222821085841
F4,TS,1,64,256,64,2,371424,185.712,11292.49590764194
F4,TS,1,64,256,64,3,499424,166.4747,12597.421710325953
F4,TS,1,64,256,64,4,627800,156.95,13361.911436763301
F4,TS,1,64,256,64,5,756549,151.3098,13859.987918826144
F4,TS,1,64,256,64,6,884673,147.4455,14223.2350258231
F4,TS,1,64,256,64,7,1013548,144.7926,14483.83411859446
F4,TS,1,64,256,64,8,1141548,142.6935,14696.899298146027
F4,TS,1,64,256,64,9,1269299,141.0332,14869.917154258714
F4,TS,1,64,256,64,10,1397299,139.7299,15008.613045597258
F4,TS,1,128,64,64,1,151545,151.545,6919.238510013528
F4,TS,1,128,64,64,2,179545,89.7725,11680.369823721074
F4,TS,1,128,64,64,3,211420,70.4733,14879.05348550444
F4,TS,1,128,64,64,4,243794,60.9485,17204.295429748065
F4,TS,1,128,64,64,5,276669,55.3338,18950.008855347005
F4,TS,1,128,64,64,6,308670,51.445,20382.46671202255
F4,TS,1,128,64,64,7,341544,48.792,21490.73618626004
F4,TS,1,128,64,64,8,373544,46.693,22456.81365515174
F4,TS,1,128,64,64,9,405295,45.0328,23284.716917446836
F4,TS,1,128,64,64,10,437295,43.7295,23978.687156267508
F4,TS,1,128,80,64,1,158545,158.545,8267.179665079315
F4,TS,1,128,80,64,2,195420,97.71,13414.389520008188
F4,TS,1,128,80,64,3,235420,78.4733,16702.751126816383
F4,TS,1,128,80,64,4,275794,68.9485,19010.130749762506
F4,TS,1,128,80,64,5,316669,63.3338,20695.42645475244
F4,TS,1,128,80,64,6,356670,59.445,22049.289258978886
F4,TS,1,128,80,64,7,397544,56.792,23079.306944640088
F4,TS,1,128,80,64,8,437544,54.693,23965.04123013914
F4,TS,1,128,80,64,9,477295,53.0328,24715.270549546694
F4,TS,1,128,80,64,10,517295,51.7295,25337.95996481698
F4,TS,1,128,96,64,1,165545,165.545,9501.126581896162
F4,TS,1,128,96,64,2,211420,105.71,14879.046447828967
F4,TS,1,128,96,64,3,259420,86.4733,18189.013256114893
F4,TS,1,128,96,64,4,307794,76.9485,20440.47642254235
F4,TS,1,128,96,64,5,356669,71.3338,22049.351079011634
F4,TS,1,128,96,64,6,404670,67.445,23320.690933353104
F4,TS,1,128,96,64,7,453544,64.792,24275.589578960364
F4,TS,1,128,96,64,8,501544,62.693,25088.351171582155
F4,TS,1,128,96,64,9,549295,61.0328,25770.79865252782
F4,TS,1,128,96,64,10,597295,59.7295,26333.118475795043
F4,TS,1,128,112,64,1,172670,172.67,10627.254300110037
F4,TS,1,128,112,64,2,227420,113.71,16137.613226629146
F4,TS,1,128,112,64,3,283420,94.4733,19423.56200111566
F4,TS,1,128,112,64,4,339794,84.9485,21601.417329323063
F4,TS,1,128,112,64,5,396669,79.3338,23130.216881077173
F4,TS,1,128,112,64,6,452670,75.445,24322.460070249854
F4,TS,1,128,112,64,7,509544,72.792,25208.924057588745
F4,TS,1,128,112,64,8,565544,70.693,25957.421526883852
F4,TS,1,128,112,64,9,621295,69.0328,26581.682910152856
F4,TS,1,128,112,64,10,677295,67.7295,27093.18686835131
F4,TS,1,128,128,64,1,179545,179.545,11680.369823721074
F4,TS,1,128,128,64,2,243420,121.71,17230.728781529866
F4,TS,1,128,128,64,3,307420,102.4733,20465.35048641939
F4,TS,1,128,128,64,4,371796,92.949,22562.39443135483
F4,TS,1,128,128,64,5,436671,87.3342,24012.95254321904
F4,TS,1,128,128,64,6,500545,83.4242,25138.413074383694
F4,TS,1,128,128,64,7,565544,80.792,25957.42152688385
F4,TS,1,128,128,64,8,629544,78.693,26649.79095980583
F4,TS,1,128,128,64,9,693295,77.0328,27224.14348173765
F4,TS,1,128,128,64,10,757295,75.7295,27692.669303243783
F4,TS,1,128,256,64,1,243420,243.42,17230.728781529866
F4,TS,1,128,256,64,2,371420,185.71,22585.235043885627
F4,TS,1,128,256,64,3,499420,166.4733,25195.05530316273
F4,TS,1,128,256,64,4,627794,156.9485,26724.078280455054
F4,TS,1,128,256,64,5,756669,151.3338,27715.579731692458
F4,TS,1,128,256,64,6,884670,147.445,28446.566516328123
F4,TS,1,128,256,64,7,1013544,144.792,28967.788275595336
F4,TS,1,128,256,64,8,1141544,142.693,29393.901592930273
F4,TS,1,128,256,64,9,1269295,141.0328,29739.91865722016
F4,TS,1,128,256,64,10,1397295,139.7295,30017.31202072576
F4,TS,2,128,64,64,1,174286,174.286,6016.409809164247
F4,TS,2,128,64,64,2,188286,94.143,11138.119669014159
F4,TS,2,128,64,64,3,209411,69.8037,15021.782512961347
F4,TS,2,128,64,64,4,225661,56.4153,18586.73090455958
F4,TS,2,128,64,64,5,246536,49.3072,21266.184248953497
F4,TS,2,128,64,64,6,262536,43.756,23964.16491452601
F4,TS,2,128,64,64,7,283411,40.4873,25898.886811419878
F4,TS,2,128,64,64,8,299411,37.4264,28017.01472757198
F4,TS,2,128,64,64,9,319286,35.4762,29557.167904116
F4,TS,2,128,64,64,10,335286,33.5286,31274.076460096756
F4,TS,2,128,80,64,1,177786,177.786,7372.45902377015
F4,TS,2,128,80,64,2,197411,98.7055,13279.097922608162
F4,TS,2,128,80,64,3,217411,72.4703,18086.305700404166
F4,TS,2,128,80,64,4,237661,59.4153,22060.31106465843
F4,TS,2,128,80,64,5,258536,51.7072,25348.88758238698
F4,TS,2,128,80,64,6,278536,46.4227,28234.462881305913
F4,TS,2,128,80,64,7,299411,42.773,30643.630327543073
F4,TS,2,128,80,64,8,319411,39.9264,32828.40426384548
F4,TS,2,128,80,64,9,339286,37.6984,34768.5843431021
F4,TS,2,128,80,64,10,359286,35.9286,36481.24335487606
F4,TS,2,128,96,64,1,181411,181.411,8670.168843124176
F4,TS,2,128,96,64,2,205411,102.7055,15314.311307573596
F4,TS,2,128,96,64,3,229411,76.4703,20568.29906512725
F4,TS,2,128,96,64,4,253661,63.4153,24802.594957368332
F4,TS,2,128,96,64,5,278536,55.7072,28234.48315478071
F4,TS,2,128,96,64,6,302536,50.4227,31193.569562915116
F4,TS,2,128,96,64,7,327411,46.773,33627.60566993778
F4,TS,2,128,96,64,8,351411,43.9264,35806.8041086909
F4,TS,2,128,96,64,9,375286,41.6984,37720.0084415709
F4,TS,2,128,96,64,10,399286,39.9286,39391.91456750299
F4,TS,2,128,112,64,1,185411,185.411,9896.974828893646
F4,TS,2,128,112,64,2,213411,106.7055,17196.93923930819
F4,TS,2,128,112,64,3,241411,80.4703,22803.543667663722
F4,TS,2,128,112,64,4,269661,67.4153,27219.45908421382
F4,TS,2,128,112,64,5,298536,59.7072,30733.445882573626
F4,TS,2,128,112,64,6,326536,54.4227,33717.69500594421
F4,TS,2,128,112,64,7,355411,50.773,36141.4137435251
F4,TS,2,128,112,64,8,383411,47.9264,38288.04166388462
F4,TS,2,128,112,64,9,411286,45.6984,40154.75377693748
F4,TS,2,128,112,64,10,439286,43.9286,41772.51266828444
F4,TS,2,128,128,64,1,188286,188.286,11138.119669014159
F4,TS,2,128,128,64,2,221411,110.7055,18943.521324595436
F4,TS,2,128,128,64,3,253411,84.4703,24827.0930729499
F4,TS,2,128,128,64,4,285661,71.4153,29365.584125530524
F4,TS,2,128,128,64,5,318536,63.7072,32918.60260692669
F4,TS,2,128,128,64,6,350536,58.4227,35896.18418868008
F4,TS,2,128,128,64,7,383411,54.773,38288.06163620762
F4,TS,2,128,128,64,8,415411,51.9264,40387.009305478525
F4,TS,2,128,128,64,9,447286,49.6984,42197.57577708739
F4,TS,2,128,128,64,10,479286,47.9286,43755.75334977445
F4,TS,2,128,256,64,1,221411,221.411,18943.521324595436
F4,TS,2,128,256,64,2,285411,142.7055,29391.326893497448
F4,TS,2,128,256,64,3,349411,116.4703,36011.7901301877
F4,TS,2,128,256,64,4,413661,103.4153,40557.867162789255
F4,TS,2,128,256,64,5,478536,95.7072,43824.33087583797
F4,TS,2,128,256,64,6,542536,90.4227,46385.520450063974
F4,TS,2,128,256,64,7,607411,86.773,48336.510204787206
F4,TS,2,128,256,64,8,671411,83.9264,49975.97895298738
F4,TS,2,128,256,64,9,735286,81.6984,51338.87566953575
F4,TS,2,128,256,64,10,799286,79.9286,52475.63450379464
F4,TS,2,256,64,64,1,181411,181.411,11560.225124165569
F4,TS,2,256,64,64,2,213411,106.7055,19653.644844923645
F4,TS,2,256,64,64,3,245411,81.8037,25636.395419767076
F4,TS,2,256,64,64,4,277661,69.4153,30211.66803284002
F4,TS,2,256,64,64,5,310536,62.1072,33766.648633330755
F4,TS,2,256,64,64,6,342536,57.0893,36734.58949400325
F4,TS,2,256,64,64,7,375411,53.6301,39104.010620901325
F4,TS,2,256,64,64,8,407411,50.9264,41180.055923843036
F4,TS,2,256,64,64,9,439286,48.8096,42965.97390677244
F4,TS,2,256,64,64,10,471286,47.1286,44498.49984934838
F4,TS,2,256,80,64,1,188286,188.286,13922.649586267698
F4,TS,2,256,80,64,2,229411,114.7055,22853.655666031707
F4,TS,2,256,80,64,3,269411,89.8037,29190.7794444995
F4,TS,2,256,80,64,4,309661,77.4153,33862.04019102167
F4,TS,2,256,80,64,5,350536,70.1072,37391.87986397973
F4,TS,2,256,80,64,6,390536,65.0893,40274.51516608721
F4,TS,2,256,80,64,7,431411,61.6301,42535.059978809055
F4,TS,2,256,80,64,8,471411,58.9264,44486.68169105868
F4,TS,2,256,80,64,9,511286,56.8096,46144.31363713175
F4,TS,2,256,80,64,10,551286,55.1286,47551.36172512997
F4,TS,2,256,96,64,1,197411,197.411,15934.917507129796
F4,TS,2,256,96,64,2,245411,122.7055,25636.405866077723
F4,TS,2,256,96,64,3,293411,97.8037,32163.691148698872
F4,TS,2,256,96,64,4,341661,85.4153,36828.6243799413
F4,TS,2,256,96,64,5,390536,78.1072,40274.49454083618
F4,TS,2,256,96,64,6,438536,73.0893,43039.51467588279
F4,TS,2,256,96,64,7,487411,69.6301,45177.70332083395
F4,TS,2,256,96,64,8,535411,66.9264,47002.7971024887
F4,TS,2,256,96,64,9,583286,64.8096,48537.994371204266
F4,TS,2,256,96,64,10,631286,63.1286,49830.47303440913
F4,TS,2,256,112,64,1,205411,205.411,17866.696525502528
F4,TS,2,256,112,64,2,261411,130.7055,28078.5123808868
F4,TS,2,256,112,64,3,317411,105.8037,34687.02890352606
F4,TS,2,256,112,64,4,373661,93.4153,39287.09750972271
F4,TS,2,256,112,64,5,430536,86.1072,42621.47648512552
F4,TS,2,256,112,64,6,486536,81.0893,45258.942918486166
F4,TS,2,256,112,64,7,543411,77.6301,47275.68301470693
F4,TS,2,256,112,64,8,599411,74.9264,48981.613957163296
F4,TS,2,256,112,64,9,655286,72.8096,50405.66079198347
F4,TS,2,256,112,64,10,711286,71.1286,51596.91038485222
F4,TS,2,256,128,64,1,213411,213.411,19653.644844923645
F4,TS,2,256,128,64,2,277411,138.7055,30238.916265036354
F4,TS,2,256,128,64,3,341411,113.8037,36855.6031130798
F4,TS,2,256,128,64,4,405661,101.4153,41357.70440949245
F4,TS,2,256,128,64,5,470536,94.1072,44569.42720641991
F4,TS,2,256,128,64,6,534536,89.0893,47079.77276732447
F4,TS,2,256,128,64,7,599411,85.6301,48981.654815304435
F4,TS,2,256,128,64,8,663411,82.9264,50578.63358351502
F4,TS,2,256,128,64,9,727286,80.8096,51903.53621351918
F4,TS,2,256,128,64,10,791286,79.1286,53006.16970349532
F4,TS,2,256,256,64,1,277411,277.411,30238.916265036354
F4,TS,2,256,256,64,2,405411,202.7055,41383.22837811505
F4,TS,2,256,256,64,3,533411,177.8037,47179.04070612704
F4,TS,2,256,256,64,4,661661,165.4152,50712.437551083574
F4,TS,2,256,256,64,5,790536,158.1072,53056.45789692057
F4,TS,2,256,256,64,6,918536,153.0893,54795.52130684509
F4,TS,2,256,256,64,7,1047411,149.6301,56062.302972463425
F4,TS,2,256,256,64,8,1175411,146.9264,57093.94635681539
F4,TS,2,256,256,64,9,1303286,144.8096,57928.53512474312
F4,TS,2,256,256,64,10,1431286,143.1286,58608.887392177385
MXF8,TS,1,128,64,32,1,154545,154.545,3392.4617425345373
MXF8,TS,1,128,64,32,2,182420,91.21,5748.141651134744
MXF8,TS,1,128,64,32,3,214420,71.4733,7335.438548381005
MXF8,TS,1,128,64,32,4,246670,61.6675,8501.852677666519
MXF8,TS,1,128,64,32,5,279545,55.909,9377.524191096245
MXF8,TS,1,128,64,32,6,311545,51.9242,10097.180120252215
MXF8,TS,1,128,64,32,7,344420,49.2029,10655.632086726595
MXF8,TS,1,128,64,32,8,376420,47.0525,11142.617289198235
MXF8,TS,1,128,64,32,9,408419,45.3799,11553.308843783261
MXF8,TS,1,128,64,32,10,440295,44.0295,11907.652823675036
MXF8,TS,1,128,80,32,1,161170,161.17,4066.2654340137747
MXF8,TS,1,128,80,32,2,198420,99.21,6605.78570708598
MXF8,TS,1,128,80,32,3,238420,79.4733,8246.291521806696
MXF8,TS,1,128,80,32,4,278670,69.6675,9406.968816162485
MXF8,TS,1,128,80,32,5,319545,63.909,10254.580731978282
MXF8,TS,1,128,80,32,6,359545,59.9242,10936.483090304084
MXF8,TS,1,128,80,32,7,400420,57.2029,11456.761807530736
MXF8,TS,1,128,80,32,8,440420,55.0525,11904.273193769583
MXF8,TS,1,128,80,32,9,480419,53.3799,12277.280399551142
MXF8,TS,1,128,80,32,10,520295,52.0295,12595.93115444123
MXF8,TS,1,128,96,32,1,168170,168.17,4676.410774811204
MXF8,TS,1,128,96,32,2,214420,107.21,7335.435127320213
MXF8,TS,1,128,96,32,3,262420,87.4733,8990.537684070454
MXF8,TS,1,128,96,32,4,310670,77.6675,10125.625261531528
MXF8,TS,1,128,96,32,5,359545,71.909,10936.489173816906
MXF8,TS,1,128,96,32,6,407545,67.9242,11578.082627399366
MXF8,TS,1,128,96,32,7,456420,65.2029,12061.304021753635
MXF8,TS,1,128,96,32,8,504420,63.0525,12472.653740930176
MXF8,TS,1,128,96,32,9,552419,61.3799,12812.53309308096
MXF8,TS,1,128,96,32,10,600295,60.0295,13100.75879359315
MXF8,TS,1,128,112,32,1,175170,175.17,5237.791859336645
MXF8,TS,1,128,112,32,2,230420,115.21,7963.753146428262
MXF8,TS,1,128,112,32,3,286420,95.4733,9610.058518978605
MXF8,TS,1,128,112,32,4,342670,85.6675,10710.059240668865
MXF8,TS,1,128,112,32,5,399545,79.909,11481.860616451213
MXF8,TS,1,128,112,32,6,455545,75.9242,12084.473725110043
MXF8,TS,1,128,112,32,7,512420,73.2029,12533.711096145098
MXF8,TS,1,128,112,32,8,568420,71.0525,12913.043172302172
MXF8,TS,1,128,112,32,9,624419,69.3799,13224.34883878472
MXF8,TS,1,128,112,32,10,680295,68.0295,13486.85496733035
MXF8,TS,1,128,128,32,1,182420,182.42,5748.141651134744
MXF8,TS,1,128,128,32,2,246420,123.21,8510.478045613181
MXF8,TS,1,128,128,32,3,310420,103.4733,10133.783304485312
MXF8,TS,1,128,128,32,4,374670,93.6675,11194.661969199562
MXF8,TS,1,128,128,32,5,439545,87.909,11927.970969980319
MXF8,TS,1,128,128,32,6,503669,83.9448,12491.256158809121
MXF8,TS,1,128,128,32,7,568420,81.2029,12913.036357075918
MXF8,TS,1,128,128,32,8,632420,79.0525,13264.299041776036
MXF8,TS,1,128,128,32,9,696419,77.3799,13551.012601463686
MXF8,TS,1,128,128,32,10,760419,76.0419,13789.45028990596
MXF8,TS,1,128,256,32,1,248420,248.42,8441.961194750826
MXF8,TS,1,128,256,32,2,376420,188.21,11142.617289198235
MXF8,TS,1,128,256,32,3,504420,168.14,12472.653740930178
MXF8,TS,1,128,256,32,4,632795,158.1987,13256.442688846368
MXF8,TS,1,128,256,32,5,761545,152.309,13769.061578764224
MXF8,TS,1,128,256,32,6,889545,148.2575,14145.334974621857
MXF8,TS,1,128,256,32,7,1018420,145.4886,14414.545194606313
MXF8,TS,1,128,256,32,8,1146420,143.3025,14634.441129777917
MXF8,TS,1,128,256,32,9,1274419,141.6021,14810.175837787716
MXF8,TS,1,128,256,32,10,1402419,140.2419,14953.819079747209
MXF8,TS,2,128,64,32,1,176915,176.915,2963.5022468417037
MXF8,TS,2,128,64,32,2,192415,96.2075,5449.5543486734405
MXF8,TS,2,128,64,32,3,212415,70.805,7404.67481110091
MXF8,TS,2,128,64,32,4,228665,57.1662,9171.293526594385
MXF8,TS,2,128,64,32,5,249540,49.908,10505.089364430552
MXF8,TS,2,128,64,32,6,265540,44.2567,11846.522673403122
MXF8,TS,2,128,64,32,7,286415,40.9164,12813.639518628226
MXF8,TS,2,128,64,32,8,302415,37.8019,13869.355773122514
MXF8,TS,2,128,64,32,9,322290,35.81,14640.826584752862
MXF8,TS,2,128,64,32,10,338290,33.829,15498.18203316681
MXF8,TS,2,128,80,32,1,180415,180.415,3632.5139262256466
MXF8,TS,2,128,80,32,2,200415,100.2075,6540.029438914253
MXF8,TS,2,128,80,32,3,220415,73.4717,8919.89704879566
MXF8,TS,2,128,80,32,4,240665,60.1662,10892.494457020719
MXF8,TS,2,128,80,32,5,261540,52.308,12528.867477250134
MXF8,TS,2,128,80,32,6,281540,46.9233,13966.622125894812
MXF8,TS,2,128,80,32,7,302415,43.2021,15169.63295765715
MXF8,TS,2,128,80,32,8,322415,40.3019,16261.268079172445
MXF8,TS,2,128,80,32,9,342290,38.0322,17231.71417903776
MXF8,TS,2,128,80,32,10,362290,36.229,18089.37591432278
MXF8,TS,2,128,96,32,1,184415,184.415,4264.468725429059
MXF8,TS,2,128,96,32,2,208415,104.2075,7546.788858767363
MXF8,TS,2,128,96,32,3,232415,77.4717,10151.216508738029
MXF8,TS,2,128,96,32,4,256665,64.1663,12256.153152043984
MXF8,TS,2,128,96,32,5,281540,56.308,13966.612204304894
MXF8,TS,2,128,96,32,6,305540,50.9233,15443.461048282417
MXF8,TS,2,128,96,32,7,330415,47.2021,16660.9536440116
MXF8,TS,2,128,96,32,8,354415,44.3019,17751.653992266696
MXF8,TS,2,128,96,32,9,378290,42.0322,18710.226921265123
MXF8,TS,2,128,96,32,10,402290,40.229,19548.882646846803
MXF8,TS,2,128,112,32,1,187415,187.415,4895.5739935437405
MXF8,TS,2,128,112,32,2,216415,108.2075,8479.116512256545
MXF8,TS,2,128,112,32,3,244415,81.4717,11261.628270921068
MXF8,TS,2,128,112,32,4,272665,68.1663,13459.788781259947
MXF8,TS,2,128,112,32,5,301540,60.308,15213.636665119055
MXF8,TS,2,128,112,32,6,329540,54.9233,16705.187051761273
MXF8,TS,2,128,112,32,7,358415,51.2021,17919.26503014525
MXF8,TS,2,128,112,32,8,386415,48.3019,18995.19480600142
MXF8,TS,2,128,112,32,9,414290,46.0322,19931.78687961905
MXF8,TS,2,128,112,32,10,442290,44.229,20744.398471591037
MXF8,TS,2,128,128,32,1,192415,192.415,5449.5543486734405
MXF8,TS,2,128,128,32,2,224415,112.2075,9344.972484013992
MXF8,TS,2,128,128,32,3,256415,85.4717,12268.107455450167
MXF8,TS,2,128,128,32,4,288665,72.1663,14529.995302516547
MXF8,TS,2,128,128,32,5,321540,64.308,16305.529638614167
MXF8,TS,2,128,128,32,6,353540,58.9233,17795.608867799325
MXF8,TS,2,128,128,32,7,386415,55.2021,18995.21938476978
MXF8,TS,2,128,128,32,8,418415,52.3019,20048.525961771942
MXF8,TS,2,128,128,32,9,450290,50.0322,20958.02303316664
MXF8,TS,2,128,128,32,10,482290,48.229,21741.607746376663
MXF8,TS,2,128,256,32,1,224415,224.415,9344.972484013992
MXF8,TS,2,128,256,32,2,288415,144.2075,14542.600072811745
MXF8,TS,2,128,256,32,3,352415,117.4717,17852.40189764854
MXF8,TS,2,128,256,32,4,416665,104.1663,20132.730067209835
MXF8,TS,2,128,256,32,5,481540,96.308,21775.470365909372
MXF8,TS,2,128,256,32,6,545540,90.9233,23065.066930038836
MXF8,TS,2,128,256,32,7,610415,87.2021,24049.32908725822
MXF8,TS,2,128,256,32,8,674415,84.3019,24876.68723955213
MXF8,TS,2,128,256,32,9,738290,82.0322,25564.985456930328
MXF8,TS,2,128,256,32,10,802290,80.229,26139.575465230777
MXF8,TS,2,256,64,32,1,184415,184.415,5685.95830057208
MXF8,TS,2,256,64,32,2,216415,108.2075,9690.418871150336
MXF8,TS,2,256,64,32,3,248415,82.805,12663.196666867942
MXF8,TS,2,256,64,32,4,280665,70.1663,14944.154102467992
MXF8,TS,2,256,64,32,5,313540,62.708,16721.56662626778
MXF8,TS,2,256,64,32,6,345540,57.59,18207.605487063724
MXF8,TS,2,256,64,32,7,378415,54.0593,19396.773543127638
MXF8,TS,2,256,64,32,8,410415,51.3019,20439.32096082211
MXF8,TS,2,256,64,32,9,442290,49.1433,21337.11004348507
MXF8,TS,2,256,64,32,10,474290,47.429,22108.33034641253
MXF8,TS,2,256,80,32,1,192415,192.415,6811.9429358418
MXF8,TS,2,256,80,32,2,232415,116.2075,11279.134307166061
MXF8,TS,2,256,80,32,3,272415,90.805,14434.447442321458
MXF8,TS,2,256,80,32,4,312665,78.1663,16768.351578621478
MXF8,TS,2,256,80,32,5,353540,70.708,18537.082084064037
MXF8,TS,2,256,80,32,6,393540,65.59,19983.53407531636
MXF8,TS,2,256,80,32,7,434415,62.0593,21120.444478104007
MXF8,TS,2,256,80,32,8,474415,59.3019,22102.495872813517
MXF8,TS,2,256,80,32,9,514290,57.1433,22937.42223497768
MXF8,TS,2,256,80,32,10,554290,55.429,23646.827472983456
MXF8,TS,2,256,96,32,1,200415,200.415,7848.035326697104
MXF8,TS,2,256,96,32,2,248415,124.2075,12663.196666867943
MXF8,TS,2,256,96,32,3,296415,98.805,15918.870502504933
MXF8,TS,2,256,96,32,4,344665,86.1663,18253.81848820246
MXF8,TS,2,256,96,32,5,393540,78.708,19983.53407531636
MXF8,TS,2,256,96,32,6,441540,73.59,21373.338768854464
MXF8,TS,2,256,96,32,7,490415,70.0593,22450.46696155971
MXF8,TS,2,256,96,32,8,538415,67.3019,23370.2763220652
MXF8,TS,2,256,96,32,9,586290,65.1433,24144.67796381209
MXF8,TS,2,256,96,32,10,634290,63.429,24797.237856500968
MXF8,TS,2,256,112,32,1,208415,208.415,8804.587001895257
MXF8,TS,2,256,112,32,2,264415,132.2075,13879.757199856285
MXF8,TS,2,256,112,32,3,320415,106.805,17180.918496325077
MXF8,TS,2,256,112,32,4,376665,94.1663,19486.88649761114
MXF8,TS,2,256,112,32,5,433540,86.708,21163.076071412095
MXF8,TS,2,256,112,32,6,489540,81.59,22490.599338154185
MXF8,TS,2,256,112,32,7,546415,78.0593,23507.87157968365
MXF8,TS,2,256,112,32,8,602415,75.3019,24368.68126833453
MXF8,TS,2,256,112,32,9,658290,73.1433,25087.848100919702
MXF8,TS,2,256,112,32,10,714290,71.429,25689.957860252838
MXF8,TS,2,256,128,32,1,216415,216.415,9690.418871150336
MXF8,TS,2,256,128,32,2,280415,140.2075,14957.488008844033
MXF8,TS,2,256,128,32,3,344415,114.805,18267.07895997561
MXF8,TS,2,256,128,32,4,408665,102.1663,20526.846915274407
MXF8,TS,2,256,128,32,5,473540,94.708,22143.345863073868
MXF8,TS,2,256,128,32,6,537540,89.59,23408.326822189974
MXF8,TS,2,256,128,32,7,602415,86.0593,24368.68531349895
MXF8,TS,2,256,128,32,8,666415,83.3019,25175.32013075332
MXF8,TS,2,256,128,32,9,730290,81.1433,25845.042042904344
MXF8,TS,2,256,128,32,10,794290,79.429,26402.850344332674
MXF8,TS,2,256,256,32,1,282415,282.415,14851.562417010427
MXF8,TS,2,256,256,32,2,410415,205.2075,20439.330921140794
MXF8,TS,2,256,256,32,3,538415,179.4717,23370.28066263372
MXF8,TS,2,256,256,32,4,666665,166.6662,25165.8944645045
MXF8,TS,2,256,256,32,5,795540,159.108,26361.364607687858
MXF8,TS,2,256,256,32,6,923540,153.9233,27249.31183258155
MXF8,TS,2,256,256,32,7,1052415,150.345,27897.861585021117
MXF8,TS,2,256,256,32,8,1180415,147.5519,28425.957239452695
MXF8,TS,2,256,256,32,9,1308290,145.3656,28853.483905408157
MXF8,TS,2,256,256,32,10,1436290,143.629,29202.34771529427
MXF4,TS,1,128,64,64,1,154545,154.545,6784.923485069075
MXF4,TS,1,128,64,64,2,182420,91.21,11496.283302269489
MXF4,TS,1,128,64,64,3,214420,71.4733,14670.87709676201
MXF4,TS,1,128,64,64,4,246670,61.6675,17003.705355333037
MXF4,TS,1,128,64,64,5,279545,55.909,18755.04838219249
MXF4,TS,1,128,64,64,6,311545,51.9242,20194.36024050443
MXF4,TS,1,128,64,64,7,344420,49.2029,21311.26417345319
MXF4,TS,1,128,64,64,8,376420,47.0525,22285.23457839647
MXF4,TS,1,128,64,64,9,408419,45.3799,23106.617687566522
MXF4,TS,1,128,64,64,10,440295,44.0295,23815.305647350073
MXF4,TS,1,128,80,64,1,161170,161.17,8132.530868027549
MXF4,TS,1,128,80,64,2,198420,99.21,13211.57141417196
MXF4,TS,1,128,80,64,3,238420,79.4733,16492.58304361339
MXF4,TS,1,128,80,64,4,278670,69.6675,18813.93763232497
MXF4,TS,1,128,80,64,5,319545,63.909,20509.161463956563
MXF4,TS,1,128,80,64,6,359545,59.9242,21872.966180608168
MXF4,TS,1,128,80,64,7,400420,57.2029,22913.523615061473
MXF4,TS,1,128,80,64,8,440420,55.0525,23808.546387539165
MXF4,TS,1,128,80,64,9,480419,53.3799,24554.560799102284
MXF4,TS,1,128,80,64,10,520295,52.0295,25191.86230888246
MXF4,TS,1,128,96,64,1,168170,168.17,9352.821549622407
MXF4,TS,1,128,96,64,2,214420,107.21,14670.870254640426
MXF4,TS,1,128,96,64,3,262420,87.4733,17981.075368140908
MXF4,TS,1,128,96,64,4,310670,77.6675,20251.250523063056
MXF4,TS,1,128,96,64,5,359545,71.909,21872.978347633813
MXF4,TS,1,128,96,64,6,407545,67.9242,23156.165254798732
MXF4,TS,1,128,96,64,7,456420,65.2029,24122.60804350727
MXF4,TS,1,128,96,64,8,504420,63.0525,24945.307481860353
MXF4,TS,1,128,96,64,9,552419,61.3799,25625.06618616192
MXF4,TS,1,128,96,64,10,600295,60.0295,26201.5175871863
MXF4,TS,1,128,112,64,1,175170,175.17,10475.58371867329
MXF4,TS,1,128,112,64,2,230420,115.21,15927.506292856524
MXF4,TS,1,128,112,64,3,286420,95.4733,19220.11703795721
MXF4,TS,1,128,112,64,4,342670,85.6675,21420.11848133773
MXF4,TS,1,128,112,64,5,399545,79.909,22963.721232902426
MXF4,TS,1,128,112,64,6,455545,75.9242,24168.947450220086
MXF4,TS,1,128,112,64,7,512420,73.2029,25067.422192290196
MXF4,TS,1,128,112,64,8,568420,71.0525,25826.086344604344
MXF4,TS,1,128,112,64,9,624419,69.3799,26448.69767756944
MXF4,TS,1,128,112,64,10,680295,68.0295,26973.7099346607
MXF4,TS,1,128,128,64,1,182420,182.42,11496.283302269489
MXF4,TS,1,128,128,64,2,246420,123.21,17020.956091226362
MXF4,TS,1,128,128,64,3,310420,103.4733,20267.566608970625
MXF4,TS,1,128,128,64,4,374670,93.6675,22389.323938399124
MXF4,TS,1,128,128,64,5,439545,87.909,23855.941939960638
MXF4,TS,1,128,128,64,6,503669,83.9448,24982.512317618242
MXF4,TS,1,128,128,64,7,568420,81.2029,25826.072714151836
MXF4,TS,1,128,128,64,8,632420,79.0525,26528.59808355207
MXF4,TS,1,128,128,64,9,696419,77.3799,27102.025202927372
MXF4,TS,1,128,128,64,10,760419,76.0419,27578.90057981192
MXF4,TS,1,128,256,64,1,248420,248.42,16883.92238950165
MXF4,TS,1,128,256,64,2,376420,188.21,22285.23457839647
MXF4,TS,1,128,256,64,3,504420,168.14,24945.307481860356
MXF4,TS,1,128,256,64,4,632795,158.1987,26512.885377692735
MXF4,TS,1,128,256,64,5,761545,152.309,27538.123157528447
MXF4,TS,1,128,256,64,6,889545,148.2575,28290.669949243715
MXF4,TS,1,128,256,64,7,1018420,145.4886,28829.090389212626
MXF4,TS,1,128,256,64,8,1146420,143.3025,29268.882259555834
MXF4,TS,1,128,256,64,9,1274419,141.6021,29620.35167557543
MXF4,TS,1,128,256,64,10,1402419,140.2419,29907.638159494418
MXF4,TS,2,128,64,64,1,176915,176.915,5927.004493683407
MXF4,TS,2,128,64,64,2,192415,96.2075,10899.108697346881
MXF4,TS,2,128,64,64,3,212415,70.805,14809.34962220182
MXF4,TS,2,128,64,64,4,228665,57.1662,18342.58705318877
MXF4,TS,2,128,64,64,5,249540,49.908,21010.178728861105
MXF4,TS,2,128,64,64,6,265540,44.2567,23693.045346806244
MXF4,TS,2,128,64,64,7,286415,40.9164,25627.279037256452
MXF4,TS,2,128,64,64,8,302415,37.8019,27738.711546245027
MXF4,TS,2,128,64,64,9,322290,35.81,29281.653169505724
MXF4,TS,2,128,64,64,10,338290,33.829,30996.36406633362
MXF4,TS,2,128,80,64,1,180415,180.415,7265.027852451293
MXF4,TS,2,128,80,64,2,200415,100.2075,13080.058877828506
MXF4,TS,2,128,80,64,3,220415,73.4717,17839.79409759132
MXF4,TS,2,128,80,64,4,240665,60.1662,21784.988914041438
MXF4,TS,2,128,80,64,5,261540,52.308,25057.73495450027
MXF4,TS,2,128,80,64,6,281540,46.9233,27933.244251789623
MXF4,TS,2,128,80,64,7,302415,43.2021,30339.2659153143
MXF4,TS,2,128,80,64,8,322415,40.3019,32522.53615834489
MXF4,TS,2,128,80,64,9,342290,38.0322,34463.42835807552
MXF4,TS,2,128,80,64,10,362290,36.229,36178.75182864556
MXF4,TS,2,128,96,64,1,184415,184.415,8528.937450858119
MXF4,TS,2,128,96,64,2,208415,104.2075,15093.577717534727
MXF4,TS,2,128,96,64,3,232415,77.4717,20302.433017476058
MXF4,TS,2,128,96,64,4,256665,64.1663,24512.306304087968
MXF4,TS,2,128,96,64,5,281540,56.308,27933.22440860979
MXF4,TS,2,128,96,64,6,305540,50.9233,30886.922096564835
MXF4,TS,2,128,96,64,7,330415,47.2021,33321.9072880232
MXF4,TS,2,128,96,64,8,354415,44.3019,35503.30798453339
MXF4,TS,2,128,96,64,9,378290,42.0322,37420.453842530245
MXF4,TS,2,128,96,64,10,402290,40.229,39097.76529369361
MXF4,TS,2,128,112,64,1,187415,187.415,9791.147987087481
MXF4,TS,2,128,112,64,2,216415,108.2075,16958.23302451309
MXF4,TS,2,128,112,64,3,244415,81.4717,22523.256541842136
MXF4,TS,2,128,112,64,4,272665,68.1663,26919.577562519895
MXF4,TS,2,128,112,64,5,301540,60.308,30427.27333023811
MXF4,TS,2,128,112,64,6,329540,54.9233,33410.37410352255
MXF4,TS,2,128,112,64,7,358415,51.2021,35838.5300602905
MXF4,TS,2,128,112,64,8,386415,48.3019,37990.38961200284
MXF4,TS,2,128,112,64,9,414290,46.0322,39863.5737592381
MXF4,TS,2,128,112,64,10,442290,44.229,41488.796943182075
MXF4,TS,2,128,128,64,1,192415,192.415,10899.108697346881
MXF4,TS,2,128,128,64,2,224415,112.2075,18689.944968027983
MXF4,TS,2,128,128,64,3,256415,85.4717,24536.214910900333
MXF4,TS,2,128,128,64,4,288665,72.1663,29059.990605033094
MXF4,TS,2,128,128,64,5,321540,64.308,32611.059277228334
MXF4,TS,2,128,128,64,6,353540,58.9233,35591.21773559865
MXF4,TS,2,128,128,64,7,386415,55.2021,37990.43876953956
MXF4,TS,2,128,128,64,8,418415,52.3019,40097.051923543884
MXF4,TS,2,128,128,64,9,450290,50.0322,41916.04606633328
MXF4,TS,2,128,128,64,10,482290,48.229,43483.21549275333
MXF4,TS,2,128,256,64,1,224415,224.415,18689.944968027983
MXF4,TS,2,128,256,64,2,288415,144.2075,29085.20014562349
MXF4,TS,2,128,256,64,3,352415,117.4717,35704.80379529708
MXF4,TS,2,128,256,64,4,416665,104.1663,40265.46013441967
MXF4,TS,2,128,256,64,5,481540,96.308,43550.940731818744
MXF4,TS,2,128,256,64,6,545540,90.9233,46130.13386007767
MXF4,TS,2,128,256,64,7,610415,87.2021,48098.65817451644
MXF4,TS,2,128,256,64,8,674415,84.3019,49753.37447910426
MXF4,TS,2,128,256,64,9,738290,82.0322,51129.970913860656
MXF4,TS,2,128,256,64,10,802290,80.229,52279.150930461554
MXF4,TS,2,256,64,64,1,184415,184.415,11371.91660114416
MXF4,TS,2,256,64,64,2,216415,108.2075,19380.83774230067
MXF4,TS,2,256,64,64,3,248415,82.805,25326.393333735883
MXF4,TS,2,256,64,64,4,280665,70.1663,29888.308204935984
MXF4,TS,2,256,64,64,5,313540,62.708,33443.13325253556
MXF4,TS,2,256,64,64,6,345540,57.59,36415.21097412745
MXF4,TS,2,256,64,64,7,378415,54.0593,38793.547086255276
MXF4,TS,2,256,64,64,8,410415,51.3019,40878.64192164422
MXF4,TS,2,256,64,64,9,442290,49.1433,42674.22008697014
MXF4,TS,2,256,64,64,10,474290,47.429,44216.66069282506
MXF4,TS,2,256,80,64,1,192415,192.415,13623.8858716836
MXF4,TS,2,256,80,64,2,232415,116.2075,22558.268614332123
MXF4,TS,2,256,80,64,3,272415,90.805,28868.894884642916
MXF4,TS,2,256,80,64,4,312665,78.1663,33536.703157242955
MXF4,TS,2,256,80,64,5,353540,70.708,37074.164168128074
MXF4,TS,2,256,80,64,6,393540,65.59,39967.06815063272
MXF4,TS,2,256,80,64,7,434415,62.0593,42240.888956208015
MXF4,TS,2,256,80,64,8,474415,59.3019,44204.991745627034
MXF4,TS,2,256,80,64,9,514290,57.1433,45874.84446995536
MXF4,TS,2,256,80,64,10,554290,55.429,47293.65494596691
MXF4,TS,2,256,96,64,1,200415,200.415,15696.070653394208
MXF4,TS,2,256,96,64,2,248415,124.2075,25326.393333735887
MXF4,TS,2,256,96,64,3,296415,98.805,31837.741005009866
MXF4,TS,2,256,96,64,4,344665,86.1663,36507.63697640492
MXF4,TS,2,256,96,64,5,393540,78.708,39967.06815063272
MXF4,TS,2,256,96,64,6,441540,73.59,42746.67753770893
MXF4,TS,2,256,96,64,7,490415,70.0593,44900.93392311942
MXF4,TS,2,256,96,64,8,538415,67.3019,46740.5526441304
MXF4,TS,2,256,96,64,9,586290,65.1433,48289.35592762418
MXF4,TS,2,256,96,64,10,634290,63.429,49594.475713001935
MXF4,TS,2,256,112,64,1,208415,208.415,17609.174003790515
MXF4,TS,2,256,112,64,2,264415,132.2075,27759.51439971257
MXF4,TS,2,256,112,64,3,320415,106.805,34361.836992650155
MXF4,TS,2,256,112,64,4,376665,94.1663,38973.77299522228
MXF4,TS,2,256,112,64,5,433540,86.708,42326.15214282419
MXF4,TS,2,256,112,64,6,489540,81.59,44981.19867630837
MXF4,TS,2,256,112,64,7,546415,78.0593,47015.7431593673
MXF4,TS,2,256,112,64,8,602415,75.3019,48737.36253666906
MXF4,TS,2,256,112,64,9,658290,73.1433,50175.696201839404
MXF4,TS,2,256,112,64,10,714290,71.429,51379.915720505676
MXF4,TS,2,256,128,64,1,216415,216.415,19380.83774230067
MXF4,TS,2,256,128,64,2,280415,140.2075,29914.976017688066
MXF4,TS,2,256,128,64,3,344415,114.805,36534.15791995122
MXF4,TS,2,256,128,64,4,408665,102.1663,41053.693830548815
MXF4,TS,2,256,128,64,5,473540,94.708,44286.691726147736
MXF4,TS,2,256,128,64,6,537540,89.59,46816.65364437995
MXF4,TS,2,256,128,64,7,602415,86.0593,48737.3706269979
MXF4,TS,2,256,128,64,8,666415,83.3019,50350.64026150664
MXF4,TS,2,256,128,64,9,730290,81.1433,51690.08408580869
MXF4,TS,2,256,128,64,10,794290,79.429,52805.70068866535
MXF4,TS,2,256,256,64,1,282415,282.415,29703.124834020855
MXF4,TS,2,256,256,64,2,410415,205.2075,40878.66184228159
MXF4,TS,2,256,256,64,3,538415,179.4717,46740.56132526744
MXF4,TS,2,256,256,64,4,666665,166.6662,50331.788929009
MXF4,TS,2,256,256,64,5,795540,159.108,52722.729215375715
MXF4,TS,2,256,256,64,6,923540,153.9233,54498.6236651631
MXF4,TS,2,256,256,64,7,1052415,150.345,55795.723170042234
MXF4,TS,2,256,256,64,8,1180415,147.5519,56851.91447890539
MXF4,TS,2,256,256,64,9,1308290,145.3656,57706.96781081631
MXF4,TS,2,256,256,64,10,1436290,143.629,58404.69543058854
